MatchIndex,Week,Round,PlayerA,PlayerB,ScoreA,PreA,PreB,PostA,PostB,A_OptIn,B_OptIn,K,NonOptInOppRatingUsed
1,25-12-6_brainstormin_charity_tournament,1,Alexander Gimmi,Hex Dowd,1.0,1500.0,1500.0,,1484.0,False,True,32,1500
2,25-12-6_brainstormin_charity_tournament,1,Amber Cronin,Luke Deratzou,0.0,1500.0,1500.0,1484.0,,True,False,32,1500
3,25-12-6_brainstormin_charity_tournament,1,Amy Altman,Ryan MacDonald,1.0,1500.0,1500.0,1516.0,1484.0,True,True,32,1500
4,25-12-6_brainstormin_charity_tournament,1,Anthony Wilkinson,Bradley Skubic,0.0,1500.0,1500.0,1484.0,1516.0,True,True,32,1500
5,25-12-6_brainstormin_charity_tournament,1,Austin Wolf,Elias Medrano,1.0,1500.0,1500.0,1516.0,1484.0,True,True,32,1500
6,25-12-6_brainstormin_charity_tournament,1,Avi Lessure,Evan Johnstone,1.0,1500.0,1500.0,,1484.0,False,True,32,1500
7,25-12-6_brainstormin_charity_tournament,1,Becca Blackwood,Gina Millott,1.0,1500.0,1500.0,1516.0,1484.0,True,True,32,1500
8,25-12-6_brainstormin_charity_tournament,1,Cameron Riley,Raul Bottrell-Rogers,0.0,1500.0,1500.0,,1516.0,False,True,32,1500
9,25-12-6_brainstormin_charity_tournament,1,Dani Masom,Graham Bateman,0.0,1500.0,1500.0,1484.0,1516.0,True,True,32,1500
10,25-12-6_brainstormin_charity_tournament,1,Daniel Hernandez,Jack Henry,0.0,1500.0,1500.0,1484.0,1516.0,True,True,32,1500
11,25-12-6_brainstormin_charity_tournament,1,David Van Hise,Ran Guo,1.0,1500.0,1500.0,1516.0,1484.0,True,True,32,1500
12,25-12-6_brainstormin_charity_tournament,1,Etai Kurtzman,Nathan Cormier,1.0,1500.0,1500.0,,1484.0,False,True,32,1500
13,25-12-6_brainstormin_charity_tournament,1,Ian Marcellana,Logan Hesch,1.0,1500.0,1500.0,,1484.0,False,True,32,1500
14,25-12-6_brainstormin_charity_tournament,1,Isharah Considine,tyler kaldenberg,1.0,1500.0,1500.0,1516.0,,True,False,32,1500
15,25-12-6_brainstormin_charity_tournament,1,Jarrod Haase,Matt Rosenbloom,1.0,1500.0,1500.0,1516.0,1484.0,True,True,32,1500
16,25-12-6_brainstormin_charity_tournament,1,Joel Brook,John Larochelle,0.0,1500.0,1500.0,1484.0,1516.0,True,True,32,1500
17,25-12-6_brainstormin_charity_tournament,1,Markis Galea,Nathan Choi,0.0,1500.0,1500.0,,1516.0,False,True,32,1500
18,25-12-6_brainstormin_charity_tournament,1,Matt Suyer,Mike Laing,0.0,1500.0,1500.0,,1516.0,False,True,32,1500
19,25-12-6_brainstormin_charity_tournament,1,Mike Adams,Tim Lawson,0.0,1500.0,1500.0,1484.0,,True,False,32,1500
20,25-12-6_brainstormin_charity_tournament,1,Milo Brown,Phil iwanow,1.0,1500.0,1500.0,1516.0,1484.0,True,True,32,1500
21,25-12-6_brainstormin_charity_tournament,1,Reya Truher,Stan Kornacki,0.0,1500.0,1500.0,1484.0,1516.0,True,True,32,1500
22,25-12-6_brainstormin_charity_tournament,1,Sam White,Veronica Kirtley,0.0,1500.0,1500.0,,1516.0,False,True,32,1500
23,25-12-6_brainstormin_charity_tournament,1,Sean Marks,Stella Burfeind,0.0,1500.0,1500.0,,1516.0,False,True,32,1500
24,25-12-6_brainstormin_charity_tournament,1,Terry Eleftherakis,Timothy Haase,0.0,1500.0,1500.0,1484.0,,True,False,32,1500
25,25-12-6_brainstormin_charity_tournament,2,Adipto Sengupta,Nathan Choi,0.0,1500.0,1516.0,,1531.263693206478,False,True,32,1500
26,25-12-6_brainstormin_charity_tournament,2,Alexander Gimmi,Jarrod Haase,1.0,1500.0,1516.0,,1499.263693206478,False,True,32,1500
27,25-12-6_brainstormin_charity_tournament,2,Amy Altman,Etai Kurtzman,1.0,1516.0,1500.0,1531.263693206478,,True,False,32,1500
28,25-12-6_brainstormin_charity_tournament,2,Anthony Wilkinson,tyler kaldenberg,1.0,1484.0,1500.0,1500.736306793522,,True,False,32,1500
29,25-12-6_brainstormin_charity_tournament,2,Austin Wolf,Brian Kennes,0.0,1516.0,1500.0,1499.263693206478,,True,False,32,1500
30,25-12-6_brainstormin_charity_tournament,2,Becca Blackwood,Mike Laing,1.0,1516.0,1516.0,1532.0,1500.0,True,True,32,1500
31,25-12-6_brainstormin_charity_tournament,2,Benjamin Wakefield,Veronica Kirtley,1.0,1500.0,1516.0,,1499.263693206478,False,True,32,1500
32,25-12-6_brainstormin_charity_tournament,2,Bradley Skubic,Isharah Considine,1.0,1516.0,1516.0,1532.0,1500.0,True,True,32,1500
33,25-12-6_brainstormin_charity_tournament,2,Dani Masom,Sean Marks,1.0,1484.0,1500.0,1500.736306793522,,True,False,32,1500
34,25-12-6_brainstormin_charity_tournament,2,Daniel Hernandez,Danielle Lucibello,1.0,1484.0,1500.0,1500.736306793522,,True,False,32,1500
35,25-12-6_brainstormin_charity_tournament,2,David Van Hise,Jack Henry,0.0,1516.0,1516.0,1500.0,1532.0,True,True,32,1500
36,25-12-6_brainstormin_charity_tournament,2,Elias Medrano,Joel Brook,0.0,1484.0,1484.0,1468.0,1500.0,True,True,32,1500
37,25-12-6_brainstormin_charity_tournament,2,Evan Johnstone,Jonathon Streker,0.0,1484.0,1500.0,1468.736306793522,,True,False,32,1500
38,25-12-6_brainstormin_charity_tournament,2,Gina Millott,Philip Petronis,0.0,1484.0,1500.0,1468.736306793522,,True,False,32,1500
39,25-12-6_brainstormin_charity_tournament,2,Graham Bateman,Stan Kornacki,0.0,1516.0,1516.0,1500.0,1532.0,True,True,32,1500
40,25-12-6_brainstormin_charity_tournament,2,Hex Dowd,Mike Adams,0.0,1484.0,1484.0,1468.0,1500.0,True,True,32,1500
41,25-12-6_brainstormin_charity_tournament,2,Ian Marcellana,Joseph Chung,1.0,1500.0,1500.0,,1484.0,False,True,32,1500
42,25-12-6_brainstormin_charity_tournament,2,John Larochelle,Michael Stopa,1.0,1516.0,1500.0,1531.263693206478,,True,False,32,1500
43,25-12-6_brainstormin_charity_tournament,2,John Petrella,Ryan MacDonald,0.0,1500.0,1484.0,,1500.736306793522,False,True,32,1500
44,25-12-6_brainstormin_charity_tournament,2,Logan Hesch,Phil iwanow,1.0,1484.0,1484.0,1500.0,1468.0,True,True,32,1500
45,25-12-6_brainstormin_charity_tournament,2,Matt Rosenbloom,Reya Truher,0.0,1484.0,1484.0,1468.0,1500.0,True,True,32,1500
46,25-12-6_brainstormin_charity_tournament,2,Matt Suyer,Ran Guo,1.0,1500.0,1484.0,,1468.736306793522,False,True,32,1500
47,25-12-6_brainstormin_charity_tournament,2,Milo Brown,Tim Lawson,1.0,1516.0,1500.0,1531.263693206478,,True,False,32,1500
48,25-12-6_brainstormin_charity_tournament,2,Nathan Cormier,Terry Eleftherakis,1.0,1484.0,1484.0,1500.0,1468.0,True,True,32,1500
49,25-12-6_brainstormin_charity_tournament,2,Raul Bottrell-Rogers,Stella Burfeind,0.0,1516.0,1516.0,1500.0,1532.0,True,True,32,1500
50,25-12-6_brainstormin_charity_tournament,3,Adipto Sengupta,Joel Brook,0.0,1500.0,1500.0,,1516.0,False,True,32,1500
51,25-12-6_brainstormin_charity_tournament,3,Amber Cronin,Mike Laing,0.0,1484.0,1500.0,1468.736306793522,1515.263693206478,True,True,32,1500
52,25-12-6_brainstormin_charity_tournament,3,Amy Altman,Brian Kennes,0.0,1531.263693206478,1500.0,1513.8278203282016,,True,False,32,1500
53,25-12-6_brainstormin_charity_tournament,3,Anthony Wilkinson,Nathan Cormier,1.0,1500.736306793522,1500.0,1516.7023986633528,1484.0339081301693,True,True,32,1500
54,25-12-6_brainstormin_charity_tournament,3,Austin Wolf,Dani Masom,1.0,1499.263693206478,1500.736306793522,1515.3315091622376,1484.6684908377624,True,True,32,1500
55,25-12-6_brainstormin_charity_tournament,3,Becca Blackwood,Benjamin Wakefield,1.0,1532.0,1500.0,1546.5304984710244,,True,False,32,1500
56,25-12-6_brainstormin_charity_tournament,3,Bradley Skubic,Nathan Choi,1.0,1532.0,1531.263693206478,1547.9660918698307,1515.2976013366472,True,True,32,1500
57,25-12-6_brainstormin_charity_tournament,3,Colin Hogan,Phil iwanow,0.0,1500.0,1468.0,,1485.4695015289756,False,True,32,1500
58,25-12-6_brainstormin_charity_tournament,3,Daniel Hernandez,Philip Petronis,1.0,1500.736306793522,1500.0,1516.7023986633528,,True,False,32,1500
59,25-12-6_brainstormin_charity_tournament,3,David Van Hise,Raul Bottrell-Rogers,0.0,1500.0,1500.0,1484.0,1516.0,True,True,32,1500
60,25-12-6_brainstormin_charity_tournament,3,Elias Medrano,Sean Marks,1.0,1468.0,1500.0,1485.4695015289756,,True,False,32,1500
61,25-12-6_brainstormin_charity_tournament,3,Evan Johnstone,Timothy Haase,1.0,1468.736306793522,1500.0,1486.1721796717984,,True,False,32,1500
62,25-12-6_brainstormin_charity_tournament,3,Gina Millott,Hex Dowd,0.0,1468.736306793522,1468.0,1452.7023986633528,1484.0339081301693,True,True,32,1500
63,25-12-6_brainstormin_charity_tournament,3,Graham Bateman,Jonathon Streker,0.5,1500.0,1500.0,1500.0,,True,False,32,1500
64,25-12-6_brainstormin_charity_tournament,3,Ian Marcellana,Stella Burfeind,0.0,1500.0,1532.0,,1546.5304984710244,False,True,32,1500
65,25-12-6_brainstormin_charity_tournament,3,Isharah Considine,Veronica Kirtley,0.0,1500.0,1499.263693206478,1483.9660918698307,1515.2976013366472,True,True,32,1500
66,25-12-6_brainstormin_charity_tournament,3,Jack Henry,Stan Kornacki,0.0,1532.0,1532.0,1516.0,1548.0,True,True,32,1500
67,25-12-6_brainstormin_charity_tournament,3,Jarrod Haase,Matt Suyer,1.0,1499.263693206478,1500.0,1515.2976013366472,,True,False,32,1500
68,25-12-6_brainstormin_charity_tournament,3,John Larochelle,Milo Brown,0.0,1531.263693206478,1531.263693206478,1515.263693206478,1547.263693206478,True,True,32,1500
69,25-12-6_brainstormin_charity_tournament,3,Joseph Chung,Mike Adams,0.0,1484.0,1500.0,1468.736306793522,1515.263693206478,True,True,32,1500
70,25-12-6_brainstormin_charity_tournament,3,Logan Hesch,Reya Truher,1.0,1500.0,1500.0,1516.0,1484.0,True,True,32,1500
71,25-12-6_brainstormin_charity_tournament,3,Markis Galea,Ran Guo,0.0,1500.0,1468.736306793522,,1486.1721796717984,False,True,32,1500
72,25-12-6_brainstormin_charity_tournament,3,Matt Rosenbloom,tyler kaldenberg,1.0,1468.0,1500.0,1485.4695015289756,,True,False,32,1500
73,25-12-6_brainstormin_charity_tournament,3,Michael Stopa,Ryan MacDonald,0.0,1500.0,1500.736306793522,,1516.7023986633528,False,True,32,1500
74,25-12-6_brainstormin_charity_tournament,4,Alexander Gimmi,Mike Adams,1.0,1500.0,1515.263693206478,,1498.5612260339533,False,True,32,1500
75,25-12-6_brainstormin_charity_tournament,4,Amber Cronin,Graham Bateman,0.0,1468.736306793522,1500.0,1454.1721796717984,1514.5641271217237,True,True,32,1500
76,25-12-6_brainstormin_charity_tournament,4,Amy Altman,Veronica Kirtley,1.0,1513.8278203282016,1515.2976013366472,1529.895505841235,1499.2299158236137,True,True,32,1500
77,25-12-6_brainstormin_charity_tournament,4,Anthony Wilkinson,Ian Marcellana,1.0,1516.7023986633528,1500.0,1531.9338167652902,,True,False,32,1500
78,25-12-6_brainstormin_charity_tournament,4,Austin Wolf,Logan Hesch,1.0,1515.3315091622376,1516.0,1531.362294265005,1499.9692148972326,True,True,32,1500
79,25-12-6_brainstormin_charity_tournament,4,Becca Blackwood,Bradley Skubic,0.0,1546.5304984710244,1547.9660918698307,1530.5966096139764,1563.8999807268788,True,True,32,1500
80,25-12-6_brainstormin_charity_tournament,4,Benjamin Wakefield,Mike Laing,0.0,1500.0,1515.263693206478,,1530.5612260339533,False,True,32,1500
81,25-12-6_brainstormin_charity_tournament,4,Brian Kennes,Stan Kornacki,0.0,1500.0,1548.0,,1561.8034754597227,False,True,32,1500
82,25-12-6_brainstormin_charity_tournament,4,Colin Hogan,Gina Millott,0.0,1500.0,1452.7023986633528,,1470.8671774055624,False,True,32,1500
83,25-12-6_brainstormin_charity_tournament,4,Dani Masom,Evan Johnstone,0.0,1484.6684908377624,1486.1721796717984,1468.7377378352764,1502.1029326742844,True,True,32,1500
84,25-12-6_brainstormin_charity_tournament,4,Daniel Hernandez,Ryan MacDonald,0.0,1516.7023986633528,1516.7023986633528,1500.7023986633528,1532.7023986633528,True,True,32,1500
85,25-12-6_brainstormin_charity_tournament,4,David Van Hise,Jonathon Streker,1.0,1484.0,1500.0,1500.736306793522,,True,False,32,1500
86,25-12-6_brainstormin_charity_tournament,4,Elias Medrano,Michael Stopa,1.0,1485.4695015289756,1500.0,1502.138265847991,,True,False,32,1500
87,25-12-6_brainstormin_charity_tournament,4,Etai Kurtzman,John Larochelle,1.0,1500.0,1515.263693206478,,1498.5612260339533,False,True,32,1500
88,25-12-6_brainstormin_charity_tournament,4,Hex Dowd,Reya Truher,0.0,1484.0339081301693,1484.0,1468.032346603073,1500.0015615270963,True,True,32,1500
89,25-12-6_brainstormin_charity_tournament,4,Isharah Considine,Nathan Cormier,1.0,1483.9660918698307,1484.0339081301693,1499.9692149239934,1468.0307850760066,True,True,32,1500
90,25-12-6_brainstormin_charity_tournament,4,Jack Henry,Raul Bottrell-Rogers,1.0,1516.0,1516.0,1532.0,1500.0,True,True,32,1500
91,25-12-6_brainstormin_charity_tournament,4,Jarrod Haase,Nathan Choi,0.0,1515.2976013366472,1515.2976013366472,1499.2976013366472,1531.2976013366472,True,True,32,1500
92,25-12-6_brainstormin_charity_tournament,4,Joel Brook,Sam White,0.0,1516.0,1500.0,1499.263693206478,,True,False,32,1500
93,25-12-6_brainstormin_charity_tournament,4,Joseph Chung,Ran Guo,0.0,1468.736306793522,1486.1721796717984,1453.53858501837,1501.3699014469505,True,True,32,1500
94,25-12-6_brainstormin_charity_tournament,4,Luke Deratzou,Milo Brown,0.0,1500.0,1547.263693206478,,1561.1004474267124,False,True,32,1500
95,25-12-6_brainstormin_charity_tournament,4,Matt Rosenbloom,Phil iwanow,1.0,1485.4695015289756,1485.4695015289756,1501.4695015289756,1469.4695015289756,True,True,32,1500
96,25-12-6_brainstormin_charity_tournament,4,Philip Petronis,Terry Eleftherakis,0.0,1500.0,1468.0,,1485.4695015289756,False,True,32,1500
97,25-12-6_brainstormin_charity_tournament,4,Stella Burfeind,mavin liu,0.0,1546.5304984710244,1500.0,1528.4004097522975,,True,False,32,1500
98,25-12-6_brainstormin_charity_tournament,5,Amber Cronin,Gina Millott,0.0,1454.1721796717984,1470.8671774055624,1438.9404215305624,1486.0989355467984,True,True,32,1500
99,25-12-6_brainstormin_charity_tournament,5,Amy Altman,Luke Deratzou,0.0,1529.895505841235,1500.0,1512.5221546532673,,True,False,32,1500
100,25-12-6_brainstormin_charity_tournament,5,Anthony Wilkinson,Mike Laing,1.0,1531.9338167652902,1530.5612260339533,1547.870606955004,1514.6244358442395,True,True,32,1500
101,25-12-6_brainstormin_charity_tournament,5,Austin Wolf,Nathan Choi,0.0,1531.362294265005,1531.2976013366472,1515.3593150455902,1547.300580556062,True,True,32,1500
102,25-12-6_brainstormin_charity_tournament,5,Avi Lessure,Elias Medrano,1.0,1500.0,1502.138265847991,,1486.0397963099003,False,True,32,1500
103,25-12-6_brainstormin_charity_tournament,5,Becca Blackwood,Brian Kennes,1.0,1530.5966096139764,1500.0,1545.191214874144,,True,False,32,1500
104,25-12-6_brainstormin_charity_tournament,5,Benjamin Wakefield,Raul Bottrell-Rogers,0.0,1500.0,1500.0,,1516.0,False,True,32,1500
105,25-12-6_brainstormin_charity_tournament,5,Dani Masom,Phil iwanow,1.0,1468.7377378352764,1469.4695015289756,1484.771436748901,1453.4358026153511,True,True,32,1500
106,25-12-6_brainstormin_charity_tournament,5,Daniel Hernandez,Isharah Considine,0.0,1500.7023986633528,1499.9692149239934,1484.6686343544995,1516.0029792328467,True,True,32,1500
107,25-12-6_brainstormin_charity_tournament,5,David Van Hise,Evan Johnstone,0.0,1500.736306793522,1502.1029326742844,1484.7992419165566,1518.0399975512498,True,True,32,1500
108,25-12-6_brainstormin_charity_tournament,5,Etai Kurtzman,Stella Burfeind,1.0,1500.0,1528.4004097522975,,1511.0954278462443,False,True,32,1500
109,25-12-6_brainstormin_charity_tournament,5,Graham Bateman,Ran Guo,0.0,1514.5641271217237,1501.3699014469505,1497.9568025035824,1517.9772260650918,True,True,32,1500
110,25-12-6_brainstormin_charity_tournament,5,Hex Dowd,Markis Galea,1.0,1468.032346603073,1500.0,1485.5003710686487,,True,False,32,1500
111,25-12-6_brainstormin_charity_tournament,5,Ian Marcellana,Reya Truher,0.0,1500.0,1500.0015615270963,,1516.001489616116,False,True,32,1500
112,25-12-6_brainstormin_charity_tournament,5,Jack Henry,Ryan MacDonald,0.0,1532.0,1532.7023986633528,1516.0323466097632,1548.6700520535896,True,True,32,1500
113,25-12-6_brainstormin_charity_tournament,5,Jarrod Haase,Joel Brook,0.0,1499.2976013366472,1499.263693206478,1483.2960398095508,1515.2652547335742,True,True,32,1500
114,25-12-6_brainstormin_charity_tournament,5,John Larochelle,Jonathon Streker,0.5,1498.5612260339533,1500.0,1498.6274836449331,,True,False,32,1500
115,25-12-6_brainstormin_charity_tournament,5,Joseph Chung,Nathan Cormier,1.0,1453.53858501837,1468.0307850760066,1470.2055887034564,1451.3637813909202,True,True,32,1500
116,25-12-6_brainstormin_charity_tournament,5,Logan Hesch,Matt Rosenbloom,1.0,1499.9692148972326,1501.4695015289756,1516.038305220469,1485.4004112057391,True,True,32,1500
117,25-12-6_brainstormin_charity_tournament,5,Mike Adams,Terry Eleftherakis,1.0,1498.5612260339533,1485.4695015289756,1513.9586150207163,1470.0721125422126,True,True,32,1500
118,25-12-6_brainstormin_charity_tournament,5,Tim Lawson,Veronica Kirtley,0.0,1500.0,1499.2299158236137,,1515.2653794524367,False,True,32,1500
119,25-12-6_brainstormin_charity_tournament,6,Amber Cronin,Phil iwanow,0.5,1438.9404215305624,1453.4358026153511,1439.607571452724,1452.7686526931896,True,True,32,1500
120,25-12-6_brainstormin_charity_tournament,6,Amy Altman,Jack Henry,1.0,1512.5221546532673,1516.0323466097632,1528.6837994668706,1499.87070179616,True,True,32,1500
121,25-12-6_brainstormin_charity_tournament,6,Anthony Wilkinson,Etai Kurtzman,0.0,1547.870606955004,1500.0,1529.6799291809853,,True,False,32,1500
122,25-12-6_brainstormin_charity_tournament,6,Austin Wolf,Stella Burfeind,0.0,1515.3593150455902,1511.0954278462443,1499.1629656410219,1527.2917772508126,True,True,32,1500
123,25-12-6_brainstormin_charity_tournament,6,Becca Blackwood,Luke Deratzou,0.0,1545.191214874144,1500.0,1527.1217401157883,,True,False,32,1500
124,25-12-6_brainstormin_charity_tournament,6,Brian Kennes,Ryan MacDonald,0.0,1500.0,1548.6700520535896,,1562.4432600760945,False,True,32,1500
125,25-12-6_brainstormin_charity_tournament,6,Dani Masom,Joseph Chung,1.0,1484.771436748901,1470.2055887034564,1500.1010473727824,1454.875978079575,True,True,32,1500
126,25-12-6_brainstormin_charity_tournament,6,Daniel Hernandez,Jarrod Haase,1.0,1484.6686343544995,1483.2960398095508,1500.6054243685926,1467.3592497954578,True,True,32,1500
127,25-12-6_brainstormin_charity_tournament,6,Elias Medrano,Hex Dowd,0.0,1486.0397963099003,1485.5003710686487,1470.014954879475,1501.525212499074,True,True,32,1500
128,25-12-6_brainstormin_charity_tournament,6,Evan Johnstone,Ran Guo,0.0,1518.0399975512498,1517.9772260650918,1502.0371068175155,1533.9801167988262,True,True,32,1500
129,25-12-6_brainstormin_charity_tournament,6,Gina Millott,Matt Rosenbloom,1.0,1486.0989355467984,1485.4004112057391,1502.066767355445,1469.4325793970925,True,True,32,1500
130,25-12-6_brainstormin_charity_tournament,6,Graham Bateman,John Larochelle,1.0,1497.9568025035824,1498.6274836449331,1513.987688473183,1482.5965976753325,True,True,32,1500
131,25-12-6_brainstormin_charity_tournament,6,Isharah Considine,Mike Laing,0.0,1516.0029792328467,1514.6244358442395,1499.9394952968594,1530.6879197802268,True,True,32,1500
132,25-12-6_brainstormin_charity_tournament,6,Joel Brook,Raul Bottrell-Rogers,1.0,1515.2652547335742,1516.0,1531.2990909530854,1499.9661637804888,True,True,32,1500
133,25-12-6_brainstormin_charity_tournament,6,Logan Hesch,Mike Adams,0.0,1516.038305220469,1513.9586150207163,1499.9425330912698,1530.0543871499156,True,True,32,1500
134,25-12-6_brainstormin_charity_tournament,6,Markis Galea,Nathan Cormier,0.0,1500.0,1451.3637813909202,,1469.5890454394564,False,True,32,1500
135,25-12-6_brainstormin_charity_tournament,6,Nathan Choi,Sam White,0.0,1547.300580556062,1500.0,1529.1356671273961,,True,False,32,1500
136,25-12-6_brainstormin_charity_tournament,6,Reya Truher,Veronica Kirtley,0.0,1516.001489616116,1515.2653794524367,1499.9675905410452,1531.2992785275076,True,True,32,1500
137,26-2-13,1,Amber Cronin,Willow Blackthorne,1.0,1439.607571452724,1500.0,1458.361069350395,,True,False,32,1500
138,26-2-13,1,Amy Altman,Jonathon Torchia,1.0,1528.6837994668706,1500.0,1543.3658546632241,,True,False,32,1500
139,26-2-13,1,Anthony Wilkinson,Isharah Considine,1.0,1529.6799291809853,1499.9394952968594,1544.31366697756,1485.3057575002847,True,True,32,1500
140,26-2-13,1,Autumn Garofalo,Daniel Hernandez,1.0,1500.0,1500.6054243685926,,1484.5775435742914,False,True,32,1500
141,26-2-13,1,Becca Blackwood,Karl Rookey,0.0,1527.1217401157883,1500.0,1509.8752687040217,,True,False,32,1500
142,26-2-13,1,Dani Masom,Stella Burfeind,0.0,1500.1010473727824,1527.2917772508126,1485.3506765494908,1542.0421480741043,True,True,32,1500
143,26-2-13,1,Daniel Cotto,Reya Truher,0.0,1500.0,1499.9675905410452,,1515.969083051782,False,True,32,1500
144,26-2-13,1,David Van Hise,Hex Dowd,0.0,1484.7992419165566,1501.525212499074,1469.568906833236,1516.7555475823947,True,True,32,1500
145,26-2-13,1,Devon O'Donnell,Evan Johnstone,1.0,1500.0,1502.0371068175155,,1485.9432956567055,False,True,32,1500
146,26-2-13,1,Jack Henry,Jason Flynn,0.0,1499.87070179616,1500.0,1483.8766561982193,,True,False,32,1500
147,26-2-13,1,Jarrod Haase,Stan Kornacki,0.0,1467.3592497954578,1561.8034754597227,1455.6045137872056,1573.5582114679748,True,True,32,1500
148,26-2-13,1,John Larochelle,Sean Thornton,1.0,1482.5965976753325,1500.0,1499.3973843285737,,True,False,32,1500
149,26-2-13,1,Kenton Najdzien,Philip Petronis,1.0,1500.0,1500.0,1516.0,,True,False,32,1500
150,26-2-13,1,Mike Adams,Nathan Choi,0.0,1530.0543871499156,1529.1356671273961,1514.0120786279565,1545.1779756493552,True,True,32,1500
151,26-2-13,1,Milo Brown,Veronica Kirtley,0.5,1561.1004474267124,1531.2992785275076,1559.7314087084499,1532.6683172457701,True,True,32,1500
152,26-2-13,1,Pan Rasking,Phil iwanow,1.0,1500.0,1452.7686526931896,1513.8382165930525,1438.930436100137,True,True,32,1500
153,26-2-13,1,Ryan MacDonald,Thomas Kotcher,0.0,1562.4432600760945,1500.0,1543.5982090439352,,True,False,32,1500
154,26-2-13,1,Terry Eleftherakis,Thomas Ostroff,1.0,1470.0721125422126,1500.0,1487.4469439601805,,True,False,32,1500
155,26-2-13,2,Amber Cronin,Nathan Choi,0.0,1458.361069350395,1545.1779756493552,1446.2779501745038,1557.2610948252463,True,True,32,1500
156,26-2-13,2,Amy Altman,Anthony Wilkinson,0.0,1543.3658546632241,1544.31366697756,1527.4095029250648,1560.2700187157193,True,True,32,1500
157,26-2-13,2,Autumn Garofalo,Stella Burfeind,1.0,1500.0,1542.0421480741043,,1524.1154305543919,False,True,32,1500
158,26-2-13,2,Becca Blackwood,Willow Blackthorne,1.0,1509.8752687040217,1500.0,1525.420618202307,,True,False,32,1500
159,26-2-13,2,Dani Masom,David Van Hise,0.0,1485.3506765494908,1469.568906833236,1468.624398637233,1486.2951847454938,True,True,32,1500
160,26-2-13,2,Daniel Hernandez,Jack Henry,0.0,1484.5775435742914,1483.8766561982193,1468.5452665615956,1499.9089332109152,True,True,32,1500
161,26-2-13,2,Evan Johnstone,Sean Marks,1.0,1485.9432956567055,1500.0,1502.590277840754,,True,False,32,1500
162,26-2-13,2,Hex Dowd,Stan Kornacki,0.0,1516.7555475823947,1573.5582114679748,1503.3483466853706,1586.9654123649989,True,True,32,1500
163,26-2-13,2,Isharah Considine,Ryan MacDonald,1.0,1485.3057575002847,1543.5982090439352,1503.9653154237437,1524.9386511204762,True,True,32,1500
164,26-2-13,2,John Larochelle,Veronica Kirtley,1.0,1499.3973843285737,1532.6683172457701,1516.924901025273,1515.140800549071,True,True,32,1500
165,26-2-13,2,Kenton Najdzien,Reya Truher,1.0,1516.0,1515.969083051782,1531.998576221922,1499.9705068298601,True,True,32,1500
166,26-2-13,2,Mike Adams,Milo Brown,1.0,1514.0120786279565,1559.7314087084499,1532.1054624022431,1541.6380249341632,True,True,32,1500
167,26-2-13,2,Mike Laing,Pan Rasking,1.0,1530.6879197802268,1513.8382165930525,1545.9125700495547,1498.6135663237246,True,True,32,1500
168,26-2-13,2,Phil iwanow,Philip Petronis,0.0,1438.930436100137,1500.0,1425.7141835197683,,True,False,32,1500
169,26-2-13,2,Terry Eleftherakis,Thomas Kotcher,0.0,1487.4469439601805,1500.0,1472.0247821356884,,True,False,32,1500
170,26-2-13,3,Amber Cronin,Mike Adams,0.0,1446.2779501745038,1532.1054624022431,1434.1519685381077,1544.2314440386392,True,True,32,1500
171,26-2-13,3,Amy Altman,Philip Petronis,0.0,1527.4095029250648,1500.0,1510.1498608266238,,True,False,32,1500
172,26-2-13,3,Anthony Wilkinson,Thomas Kotcher,0.5,1560.2700187157193,1500.0,1557.521991378626,,True,False,32,1500
173,26-2-13,3,Autumn Garofalo,John Larochelle,1.0,1500.0,1516.924901025273,,1500.146096474638,False,True,32,1500
174,26-2-13,3,Becca Blackwood,Reya Truher,0.0,1525.420618202307,1499.9705068298601,1508.250689030409,1517.1404360017582,True,True,32,1500
175,26-2-13,3,Dani Masom,Willow Blackthorne,1.0,1468.624398637233,1500.0,1486.0653834237114,,True,False,32,1500
176,26-2-13,3,Daniel Hernandez,Milo Brown,0.0,1468.5452665615956,1541.6380249341632,1455.8625170435014,1554.3207744522574,True,True,32,1500
177,26-2-13,3,David Van Hise,Veronica Kirtley,1.0,1486.2951847454938,1515.140800549071,1503.6205306205632,1497.8154546740016,True,True,32,1500
178,26-2-13,3,Devon O'Donnell,Pan Rasking,0.0,1500.0,1498.6135663237246,,1514.677413615134,False,True,32,1500
179,26-2-13,3,Evan Johnstone,Jarrod Haase,0.0,1502.590277840754,1455.6045137872056,1484.439598562569,1473.7551930653906,True,True,32,1500
180,26-2-13,3,Gabe Dietz,Nathan Choi,0.5,1500.0,1557.2610948252463,,1554.6477429963636,False,True,32,1500
181,26-2-13,3,Hex Dowd,Stella Burfeind,0.0,1503.3483466853706,1524.1154305543919,1488.303568921487,1539.1602083182754,True,True,32,1500
182,26-2-13,3,Isharah Considine,Jonathon Torchia,1.0,1503.9653154237437,1500.0,1519.782713828485,,True,False,32,1500
183,26-2-13,3,Jack Henry,Thomas Ostroff,0.0,1499.9089332109152,1500.0,1483.9131269914394,,True,False,32,1500
184,26-2-13,3,Jason Flynn,Terry Eleftherakis,1.0,1500.0,1472.0247821356884,,1457.3103115563265,False,True,32,1500
185,26-2-13,3,Karl Rookey,Mike Laing,0.0,1500.0,1545.9125700495547,,1559.8104402184183,False,True,32,1500
186,26-2-13,3,Kenton Najdzien,Stan Kornacki,0.0,1531.998576221922,1586.9654123649989,1518.5089826647047,1600.455005922216,True,True,32,1500
187,26-2-13,3,Ryan MacDonald,Sean Thornton,0.0,1524.9386511204762,1500.0,1507.7921521365483,,True,False,32,1500
188,26-2-13,4,Amber Cronin,Evan Johnstone,1.0,1434.1519685381077,1484.439598562569,1452.4517620241877,1466.139805076489,True,True,32,1500
189,26-2-13,4,Amy Altman,Becca Blackwood,1.0,1510.1498608266238,1508.250689030409,1526.0624016043746,1492.3381482526581,True,True,32,1500
190,26-2-13,4,Anthony Wilkinson,Nathan Choi,1.0,1557.521991378626,1554.6477429963636,1573.3896303685672,1538.7801040064223,True,True,32,1500
191,26-2-13,4,Autumn Garofalo,Stan Kornacki,0.0,1500.0,1600.455005922216,,1611.9536235272726,False,True,32,1500
192,26-2-13,4,Dani Masom,Hex Dowd,1.0,1486.0653834237114,1488.303568921487,1502.1684542491678,1472.2004980960307,True,True,32,1500
193,26-2-13,4,David Van Hise,Isharah Considine,1.0,1503.6205306205632,1519.782713828485,1520.3642902489955,1503.0389542000526,True,True,32,1500
194,26-2-13,4,Gabe Dietz,Pan Rasking,0.0,1500.0,1514.677413615134,,1530.0018955435014,False,True,32,1500
195,26-2-13,4,Jack Henry,Sean Thornton,0.0,1483.9131269914394,1500.0,1468.653425916398,,True,False,32,1500
196,26-2-13,4,Jarrod Haase,John Larochelle,0.0,1473.7551930653906,1500.146096474638,1458.9682070330773,1514.9330825069512,True,True,32,1500
197,26-2-13,4,Jason Flynn,Stella Burfeind,1.0,1500.0,1539.1602083182754,,1521.364412260755,False,True,32,1500
198,26-2-13,4,Jonathon Torchia,Terry Eleftherakis,0.0,1500.0,1457.3103115563265,,1475.2664103609957,False,True,32,1500
199,26-2-13,4,Karl Rookey,Kenton Najdzien,0.0,1500.0,1518.5089826647047,,1533.6574179487668,False,True,32,1500
200,26-2-13,4,Mike Adams,Thomas Ostroff,1.0,1544.2314440386392,1500.0,1558.205444359739,,True,False,32,1500
201,26-2-13,4,Mike Laing,Thomas Kotcher,1.0,1559.8104402184183,1500.0,1573.082957588416,,True,False,32,1500
202,26-2-13,4,Milo Brown,Sean Marks,1.0,1554.3207744522574,1500.0,1567.839396252817,,True,False,32,1500
203,26-2-13,4,Philip Petronis,Reya Truher,1.0,1500.0,1517.1404360017582,,1500.3517295158363,False,True,32,1500
204,26-2-13,4,Veronica Kirtley,Willow Blackthorne,1.0,1497.8154546740016,1500.0,1513.9160553783329,,True,False,32,1500
205,26-2-13,5,Amber Cronin,Sean Thornton,1.0,1452.4517620241877,1500.0,1470.6278706131816,,True,False,32,1500
206,26-2-13,5,Amy Altman,Stella Burfeind,1.0,1526.0624016043746,1521.364412260755,1541.8460643847818,1505.5807494803478,True,True,32,1500
207,26-2-13,5,Anthony Wilkinson,Jason Flynn,1.0,1573.3896303685672,1500.0,1586.0592984138843,,True,False,32,1500
208,26-2-13,5,Dani Masom,Nathan Choi,0.0,1502.1684542491678,1538.7801040064223,1487.8482699176536,1553.1002883379365,True,True,32,1500
209,26-2-13,5,David Van Hise,Kenton Najdzien,1.0,1520.3642902489955,1533.6574179487668,1536.976162862192,1517.0455453355703,True,True,32,1500
210,26-2-13,5,Evan Johnstone,Hex Dowd,1.0,1466.139805076489,1472.2004980960307,1482.4188819977505,1455.9214211747692,True,True,32,1500
211,26-2-13,5,Gabe Dietz,Milo Brown,0.0,1500.0,1567.839396252817,,1580.7543831840387,False,True,32,1500
212,26-2-13,5,Isharah Considine,Reya Truher,1.0,1503.0389542000526,1500.3517295158363,1518.9152053976793,1484.4754783182095,True,True,32,1500
213,26-2-13,5,Jack Henry,Willow Blackthorne,0.0,1468.653425916398,1500.0,1454.093084779832,,True,False,32,1500
214,26-2-13,5,Jarrod Haase,Karl Rookey,0.0,1458.9682070330773,1500.0,1444.849054754988,,True,False,32,1500
215,26-2-13,5,Mike Laing,Stan Kornacki,0.0,1573.082957588416,1611.9536235272726,1558.8655864681211,1626.1709946475676,True,True,32,1500
216,26-2-13,5,Terry Eleftherakis,Veronica Kirtley,1.0,1475.2664103609957,1513.9160553783329,1493.0389864858237,1496.143479253505,True,True,32,1500
217,26-2-20,1,Amy Altman,David Van Hise,0.0,1541.8460643847818,1536.976162862192,1525.6218118177333,1553.2004154292406,True,True,32,1500
218,26-2-20,1,Anthony Wilkinson,Mike Adams,1.0,1586.0592984138843,1558.205444359739,1600.779322079503,1543.4854206941204,True,True,32,1500
219,26-2-20,1,Ash DerManouelian,Dani Masom,1.0,1500.0,1487.8482699176536,,1472.407649693467,False,True,32,1500
220,26-2-20,1,Becca Blackwood,Evan Hamlin,1.0,1492.3381482526581,1500.0,1508.690932378643,,True,False,32,1500
221,26-2-20,1,Evan Johnstone,Jonathon Streker,1.0,1482.4188819977505,1500.0,1499.2278320501614,,True,False,32,1500
222,26-2-20,1,Gina Millott,Stan Kornacki,1.0,1502.066767355445,1626.1709946475676,1523.5507023605683,1604.6870596424444,True,True,32,1500
223,26-2-20,1,Hex Dowd,Stella Burfeind,0.0,1455.9214211747692,1505.5807494803478,1442.1928707549005,1519.3092999002165,True,True,32,1500
224,26-2-20,1,Jarrod Haase,Nathan Cormier,0.0,1444.849054754988,1469.5890454394564,1429.9864516905525,1484.4516485038919,True,True,32,1500
225,26-2-20,2,Amy Altman,Jarrod Haase,1.0,1525.6218118177333,1429.9864516905525,1537.3256022754244,1418.2826612328613,True,True,32,1500
226,26-2-20,2,Anthony Wilkinson,[REDACTED] [REDACTED],1.0,1600.779322079503,1500.0,1612.264190120817,,True,False,32,1500
227,26-2-20,2,Ash DerManouelian,Stella Burfeind,1.0,1500.0,1519.3092999002165,,1502.420988184332,False,True,32,1500
228,26-2-20,2,Becca Blackwood,Gina Millott,0.0,1508.690932378643,1523.5507023605683,1493.3748331155152,1538.8668016236961,True,True,32,1500
229,26-2-20,2,David Van Hise,Jason Weiss,1.0,1553.2004154292406,1500.0,1566.7694157546277,,True,False,32,1500
230,26-2-20,2,Evan Hamlin,Stan Kornacki,0.0,1500.0,1604.6870596424444,,1616.0068315406852,False,True,32,1500
231,26-2-20,2,Evan Johnstone,Nathan Cormier,0.0,1499.2278320501614,1484.4516485038919,1482.547773617551,1501.1317069365023,True,True,32,1500
232,26-2-20,2,Hex Dowd,Sean Marks,0.0,1442.1928707549005,1500.0,1428.8306912529295,,True,False,32,1500
233,26-2-20,2,Jonathon Streker,Mike Adams,0.0,1500.0,1543.4854206941204,,1557.4932349471817,False,True,32,1500
234,26-2-20,3,Amy Altman,Sean Marks,1.0,1537.3256022754244,1500.0,1551.6132773462746,,True,False,32,1500
235,26-2-20,3,Anthony Wilkinson,David Van Hise,1.0,1612.264190120817,1566.7694157546277,1626.1809713553812,1552.8526345200635,True,True,32,1500
236,26-2-20,3,Ash DerManouelian,Nathan Cormier,0.0,1500.0,1501.1317069365023,,1517.079590090391,False,True,32,1500
237,26-2-20,3,Becca Blackwood,Stella Burfeind,1.0,1493.3748331155152,1502.420988184332,1509.7913298386036,1486.0044914612436,True,True,32,1500
238,26-2-20,3,Dani Masom,Jason Weiss,0.0,1472.407649693467,1500.0,1457.675659687349,,True,False,32,1500
239,26-2-20,3,Evan Johnstone,Mike Adams,0.0,1482.547773617551,1557.4932349471817,1469.9465857952282,1570.0944227695045,True,True,32,1500
240,26-2-20,3,Gina Millott,[REDACTED] [REDACTED],0.0,1538.8668016236961,1500.0,1521.084348493476,,True,False,32,1500
241,26-2-20,3,Jarrod Haase,Stan Kornacki,0.5,1418.2826612328613,1616.0068315406852,1426.5177812293812,1607.7717115441653,True,True,32,1500
242,26-2-20,4,Amy Altman,Jason Weiss,1.0,1551.6132773462746,1500.0,1565.253729885577,,True,False,32,1500
243,26-2-20,4,Anthony Wilkinson,Nathan Cormier,0.0,1626.1809713553812,1517.079590090391,1605.3155486461214,1537.9450127996508,True,True,32,1500
244,26-2-20,4,Becca Blackwood,Mike Adams,1.0,1509.7913298386036,1570.0944227695045,1528.5408353453236,1551.3449172627845,True,True,32,1500
245,26-2-20,4,Dani Masom,Stella Burfeind,1.0,1457.675659687349,1486.0044914612436,1474.9773671784599,1468.7027839701327,True,True,32,1500
246,26-2-20,4,David Van Hise,Gina Millott,1.0,1552.8526345200635,1521.084348493476,1567.3937144489805,1506.543268564559,True,True,32,1500
247,26-2-20,4,Evan Johnstone,Sean Marks,0.0,1469.9465857952282,1500.0,1455.3271550735228,,True,False,32,1500
248,26-2-20,4,Hex Dowd,Stan Kornacki,0.0,1428.8306912529295,1607.7717115441653,1420.4124175239158,1616.189985273179,True,True,32,1500
249,26-2-20,5,Anthony Wilkinson,Ash DerManouelian,1.0,1605.3155486461214,1500.0,1616.6088680769744,,True,False,32,1500
250,26-2-20,5,Dani Masom,Mike Adams,1.0,1474.9773671784599,1551.3449172627845,1494.4386590905456,1531.8836253506988,True,True,32,1500
251,26-2-20,5,David Van Hise,Nathan Cormier,1.0,1567.3937144489805,1537.9450127996508,1582.0407900025125,1523.2979372461189,True,True,32,1500
252,26-2-20,5,Evan Johnstone,Hex Dowd,0.0,1455.3271550735228,1420.4124175239158,1437.72466276751,1438.0149098299287,True,True,32,1500
253,26-2-20,5,Gina Millott,Jason Weiss,0.0,1506.543268564559,1500.0,1490.2419755318076,,True,False,32,1500
254,26-2-20,5,Jarrod Haase,Sean Marks,0.0,1426.5177812293812,1500.0,1413.8521920812334,,True,False,32,1500
255,26-2-20,5,Stan Kornacki,[REDACTED] [REDACTED],0.0,1616.189985273179,1500.0,1595.0301737255877,,True,False,32,1500
256,26-2-27,1,Anthony Wilkinson,Devon O’Donnell,1.0,1616.6088680769744,1500.0,1627.431779150977,,True,False,32,1500
257,26-2-27,1,Bradley Skubic,Josh Kibbe,0.5,1563.8999807268788,1500.0,1560.9900151112995,,True,False,32,1500
258,26-2-27,1,Dani Masom,Nathan Choi,0.0,1494.4386590905456,1553.1002883379365,1481.1147456072229,1566.4242018212592,True,True,32,1500
259,26-2-27,1,Daniel Hernandez,Jack Henry,0.0,1455.8625170435014,1454.093084779832,1439.7810323809208,1470.1745694424126,True,True,32,1500
260,26-2-27,1,David Van Hise,Kenton Najdzien,1.0,1582.0407900025125,1517.0455453355703,1595.0820821260277,1504.0042532120551,True,True,32,1500
261,26-2-27,1,Evan Hamlin,Logan Hesch,0.0,1500.0,1499.9425330912698,,1515.9451795401933,False,True,32,1500
262,26-2-27,1,Evan Johnstone,Isharah Considine,0.0,1437.72466276751,1518.9152053976793,1425.3970199163573,1531.242848248832,True,True,32,1500
263,26-2-27,1,Hex Dowd,Pan Rasking,1.0,1438.0149098299287,1530.0018955435014,1458.1547841399165,1509.8620212335136,True,True,32,1500
264,26-2-27,1,Jarrod Haase,Milo Brown,0.0,1413.8521920812334,1580.7543831840387,1404.9969982738003,1589.6095769914718,True,True,32,1500
265,26-2-27,1,John Larochelle,Mike Adams,0.0,1514.9330825069512,1531.8836253506988,1499.713065104965,1547.1036427526851,True,True,32,1500
266,26-2-27,1,Jonathon Streker,Stan Kornacki,1.0,1500.0,1595.0301737255877,,1574.759836724606,False,True,32,1500
267,26-2-27,1,Joseph Chung,Phil iwanow,0.0,1454.875978079575,1425.7141835197683,1437.5361726358904,1443.0539889634529,True,True,32,1500
268,26-2-27,1,Nathan Cormier,Philip Petronis,0.0,1523.2979372461189,1500.0,1506.2266328551204,,True,False,32,1500
269,26-2-27,1,Reya Truher,Sean Marks,1.0,1484.4754783182095,1500.0,1501.189933535244,,True,False,32,1500
270,26-2-27,1,Sean Thornton,Timofey Tylik,1.0,1500.0,1500.0,,1484.0,False,True,32,1500
271,26-2-27,2,Anthony Wilkinson,Mike Adams,1.0,1627.431779150977,1547.1036427526851,1639.7970664259453,1534.7383554777168,True,True,32,1500
272,26-2-27,2,Bradley Skubic,Jarrod Haase,1.0,1560.9900151112995,1404.9969982738003,1570.2529992842346,1395.7340141008651,True,True,32,1500
273,26-2-27,2,Dani Masom,Stan Kornacki,0.0,1481.1147456072229,1574.759836724606,1469.3257780693668,1586.548804262462,True,True,32,1500
274,26-2-27,2,Daniel Hernandez,Joseph Chung,1.0,1439.7810323809208,1437.5361726358904,1455.6776542078128,1421.6395508089984,True,True,32,1500
275,26-2-27,2,David Van Hise,Sean Thornton,1.0,1595.0820821260277,1500.0,1606.8095250249862,,True,False,32,1500
276,26-2-27,2,Devon O’Donnell,Pan Rasking,1.0,1500.0,1509.8620212335136,,1493.4079803084217,False,True,32,1500
277,26-2-27,2,Evan Hamlin,Timofey Tylik,1.0,1500.0,1484.0,,1468.736306793522,False,True,32,1500
278,26-2-27,2,Evan Johnstone,Nathan Cormier,0.0,1425.3970199163573,1506.2266328551204,1413.0536275140548,1518.570025257423,True,True,32,1500
279,26-2-27,2,Hex Dowd,Reya Truher,0.0,1458.1547841399165,1501.189933535244,1444.126552313394,1515.2181653617665,True,True,32,1500
280,26-2-27,2,Isharah Considine,Jack Henry,1.0,1531.242848248832,1470.1745694424126,1544.459158218547,1456.9582594726976,True,True,32,1500
281,26-2-27,2,John Larochelle,Sean Marks,1.0,1499.713065104965,1500.0,1515.7262789422,,True,False,32,1500
282,26-2-27,2,Jonathon Streker,Logan Hesch,0.0,1500.0,1515.9451795401933,,1531.2113919939577,False,True,32,1500
283,26-2-27,2,Josh Kibbe,Kenton Najdzien,0.0,1500.0,1504.0042532120551,,1519.819858701232,False,True,32,1500
284,26-2-27,2,Milo Brown,Philip Petronis,1.0,1589.6095769914718,1500.0,1601.5720363231235,,True,False,32,1500
285,26-2-27,2,Nathan Choi,Phil iwanow,1.0,1566.4242018212592,1443.0539889634529,1576.9701200479797,1432.5080707367324,True,True,32,1500
286,26-2-27,3,Anthony Wilkinson,David Van Hise,0.0,1639.7970664259453,1606.8095250249862,1622.2824824450697,1624.3241090058618,True,True,32,1500
287,26-2-27,3,Bradley Skubic,Nathan Choi,1.0,1570.2529992842346,1576.9701200479797,1586.5622955915587,1560.6608237406556,True,True,32,1500
288,26-2-27,3,Dani Masom,Jarrod Haase,1.0,1469.3257780693668,1395.7340141008651,1481.9865418893746,1383.0732502808573,True,True,32,1500
289,26-2-27,3,Daniel Hernandez,Sean Thornton,1.0,1455.6776542078128,1500.0,1473.707772809875,,True,False,32,1500
290,26-2-27,3,Devon O’Donnell,Mike Adams,1.0,1500.0,1534.7383554777168,,1517.1439047942888,False,True,32,1500
291,26-2-27,3,Evan Hamlin,Hex Dowd,1.0,1500.0,1444.126552313394,,1430.6776651869666,False,True,32,1500
292,26-2-27,3,Evan Johnstone,Pan Rasking,1.0,1413.0536275140548,1493.4079803084217,1432.6894852246887,1473.7721225977878,True,True,32,1500
293,26-2-27,3,Isharah Considine,Logan Hesch,1.0,1544.459158218547,1531.2113919939577,1559.8493715338584,1515.8211786786462,True,True,32,1500
294,26-2-27,3,Jack Henry,John Larochelle,1.0,1456.9582594726976,1515.7262789422,1475.639108137061,1497.0454302778367,True,True,32,1500
295,26-2-27,3,Jonathon Streker,Kenton Najdzien,1.0,1500.0,1519.819858701232,,1502.9081092867314,False,True,32,1500
296,26-2-27,3,Joseph Chung,Josh Kibbe,0.0,1421.6395508089984,1500.0,1409.188214697631,,True,False,32,1500
297,26-2-27,3,Milo Brown,Reya Truher,0.0,1601.5720363231235,1515.2181653617665,1581.675207683742,1535.114994001148,True,True,32,1500
298,26-2-27,3,Nathan Cormier,Stan Kornacki,0.0,1518.570025257423,1586.548804262462,1505.6612180287575,1599.4576114911274,True,True,32,1500
299,26-2-27,3,Phil iwanow,Philip Petronis,0.0,1432.5080707367324,1500.0,1419.5776742783764,,True,False,32,1500
300,26-2-27,3,Sean Marks,Timofey Tylik,0.0,1500.0,1468.736306793522,,1486.1721796717984,False,True,32,1500
301,26-2-27,4,Anthony Wilkinson,Jonathon Streker,1.0,1622.2824824450697,1500.0,1632.8727190266707,,True,False,32,1500
302,26-2-27,4,Bradley Skubic,Isharah Considine,0.0,1586.5622955915587,1559.8493715338584,1569.3345383007807,1577.0771288246365,True,True,32,1500
303,26-2-27,4,Dani Masom,John Larochelle,0.0,1481.9865418893746,1497.0454302778367,1466.6795953891115,1512.3523767780998,True,True,32,1500
304,26-2-27,4,Daniel Hernandez,Stan Kornacki,0.0,1473.707772809875,1599.4576114911274,1463.2584795084597,1609.9069047925427,True,True,32,1500
305,26-2-27,4,David Van Hise,Reya Truher,1.0,1624.3241090058618,1535.114994001148,1636.3038409509156,1523.1352620560942,True,True,32,1500
306,26-2-27,4,Devon O’Donnell,Milo Brown,1.0,1500.0,1581.675207683742,,1561.981713475957,False,True,32,1500
307,26-2-27,4,Evan Hamlin,Jack Henry,1.0,1500.0,1475.639108137061,,1460.7591338092884,False,True,32,1500
308,26-2-27,4,Evan Johnstone,Hex Dowd,0.0,1432.6894852246887,1430.6776651869666,1416.5968385235856,1446.7703118880697,True,True,32,1500
309,26-2-27,4,Jarrod Haase,Pan Rasking,0.0,1383.0732502808573,1473.7721225977878,1371.1577231980318,1485.6876496806133,True,True,32,1500
310,26-2-27,4,Joseph Chung,Sean Marks,1.0,1409.188214697631,1500.0,1429.2775481854783,,True,False,32,1500
311,26-2-27,4,Josh Kibbe,Logan Hesch,0.0,1500.0,1515.8211786786462,,1531.093089665373,False,True,32,1500
312,26-2-27,4,Kenton Najdzien,Phil iwanow,1.0,1502.9081092867314,1419.5776742783764,1515.1425308489431,1407.3432527161647,True,True,32,1500
313,26-2-27,4,Mike Adams,Sean Thornton,1.0,1517.1439047942888,1500.0,1532.3550389528095,,True,False,32,1500
314,26-2-27,4,Nathan Choi,Philip Petronis,1.0,1560.6608237406556,1500.0,1573.89533344229,,True,False,32,1500
315,26-2-27,4,Nathan Cormier,Timofey Tylik,1.0,1505.6612180287575,1486.1721796717984,1520.7646548027235,1471.0687428978324,True,True,32,1500
316,26-2-27,5,Anthony Wilkinson,Logan Hesch,1.0,1632.8727190266707,1531.093089665373,1644.3152241794608,1519.650584512583,True,True,32,1500
317,26-2-27,5,Bradley Skubic,Jonathon Streker,1.0,1569.3345383007807,1500.0,1582.1832865436922,,True,False,32,1500
318,26-2-27,5,Daniel Hernandez,Nathan Cormier,1.0,1463.2584795084597,1520.7646548027235,1481.8828153430752,1502.140318968108,True,True,32,1500
319,26-2-27,5,David Van Hise,Isharah Considine,1.0,1636.3038409509156,1577.0771288246365,1649.6024662852806,1563.7785034902715,True,True,32,1500
320,26-2-27,5,Devon O’Donnell,Reya Truher,1.0,1500.0,1523.1352620560942,,1506.0714157821383,False,True,32,1500
321,26-2-27,5,Evan Hamlin,Stan Kornacki,0.0,1500.0,1609.9069047925427,,1621.007840377194,False,True,32,1500
322,26-2-27,5,Evan Johnstone,Phil iwanow,1.0,1416.5968385235856,1407.3432527161647,1432.170795884404,1391.7692953553462,True,True,32,1500
323,26-2-27,5,Hex Dowd,Kenton Najdzien,0.0,1446.7703118880697,1515.1425308489431,1433.8789431210005,1528.0338996160124,True,True,32,1500
324,26-2-27,5,Jack Henry,Nathan Choi,0.0,1460.7591338092884,1573.89533344229,1449.7925839535708,1584.8618832980076,True,True,32,1500
325,26-2-27,5,Joseph Chung,Sean Thornton,1.0,1429.2775481854783,1500.0,1448.490187766947,,True,False,32,1500
326,26-2-27,5,Mike Adams,Milo Brown,0.0,1532.3550389528095,1561.981713475957,1517.716100398625,1576.6206520301414,True,True,32,1500
327,26-3-07,1,Andy Perez,Jarrod Haase,1.0,1500.0,1371.1577231980318,1510.324409884328,1360.833313313704,True,True,32,1500
328,26-3-07,1,Anthony Wilkinson,Sean Marks,1.0,1644.3152241794608,1500.0,1654.0268249013877,,True,False,32,1500
329,26-3-07,1,Bailey Sarkis,Logan Hesch,1.0,1500.0,1519.650584512583,1516.9039791481418,1502.7466053644412,True,True,32,1500
330,26-3-07,1,Chris Daniel,Evan Johnstone,1.0,1500.0,1432.170795884404,,1419.2553570349426,False,True,32,1500
331,26-3-07,1,Dani Masom,Reya Truher,0.0,1466.6795953891115,1506.0714157821383,1452.4859224239594,1520.2650887472903,True,True,32,1500
332,26-3-07,1,Daniel Hernandez,Stan Kornacki,0.0,1481.8828153430752,1621.007840377194,1471.9679394638626,1630.9227162564066,True,True,32,1500
333,26-3-07,1,Hex Dowd,Nathan Choi,0.0,1433.8789431210005,1584.8618832980076,1424.4249959695546,1594.3158304494534,True,True,32,1500
334,26-3-07,1,Ian Marcellana,Patrick Brooks,1.0,1500.0,1500.0,,1484.0,False,True,32,1500
335,26-3-07,1,Joseph Chung,Phil iwanow,0.0,1448.490187766947,1391.7692953553462,1429.9010556309163,1410.358427491377,True,True,32,1500
336,26-3-07,1,Mike Adams,Pan Rasking,1.0,1517.716100398625,1485.6876496806133,1532.2452997273926,1471.1584503518457,True,True,32,1500
337,26-3-07,1,Mike Laing,Robert Legree,1.0,1558.8655864681211,1500.0,1572.1803710231343,,True,False,32,1500
338,26-3-07,1,Nathan Cormier,Terry Eleftherakis,1.0,1502.140318968108,1493.0389864858237,1517.721282963574,1477.4580224903577,True,True,32,1500
339,26-3-07,1,Stella Burfeind,Timofey Tylik,0.0,1468.7027839701327,1471.0687428978324,1452.8117387211005,1486.9597881468646,True,True,32,1500
340,26-3-07,2,Andy Perez,Mike Laing,0.0,1510.324409884328,1572.1803710231343,1497.143262106558,1585.3615188009042,True,True,32,1500
341,26-3-07,2,Anthony Wilkinson,Stan Kornacki,1.0,1654.0268249013877,1630.9227162564066,1668.9644069609185,1615.9851341968758,True,True,32,1500
342,26-3-07,2,Bailey Sarkis,Mike Adams,0.0,1516.9039791481418,1532.2452997273926,1501.6100142673863,1547.5392646081482,True,True,32,1500
343,26-3-07,2,Dani Masom,Logan Hesch,0.0,1452.4859224239594,1502.7466053644412,1438.7845005760669,1516.4480272123337,True,True,32,1500
344,26-3-07,2,Daniel Hernandez,Jarrod Haase,0.0,1471.9679394638626,1360.833313313704,1451.0176926648292,1381.7835601127374,True,True,32,1500
345,26-3-07,2,Evan Hamlin,Phil iwanow,0.5,1500.0,1410.358427491377,,1414.3973477484963,False,True,32,1500
346,26-3-07,2,Evan Johnstone,Patrick Brooks,0.0,1419.2553570349426,1484.0,1406.2029174251093,1497.0524396098333,True,True,32,1500
347,26-3-07,2,Hex Dowd,Stella Burfeind,0.0,1424.4249959695546,1452.8117387211005,1409.7293526718133,1467.5073820188418,True,True,32,1500
348,26-3-07,2,Ian Marcellana,Timofey Tylik,0.0,1500.0,1486.9597881468646,,1503.5600302666733,False,True,32,1500
349,26-3-07,2,Joseph Chung,Robert Legree,0.0,1429.9010556309163,1500.0,1417.0861293642552,,True,False,32,1500
350,26-3-07,2,Nathan Choi,Sean Thornton,1.0,1594.3158304494534,1500.0,1606.0760635553017,,True,False,32,1500
351,26-3-07,2,Nathan Cormier,Reya Truher,1.0,1517.721282963574,1520.2650887472903,1533.8384274558782,1504.147944254986,True,True,32,1500
352,26-3-07,2,Pan Rasking,Terry Eleftherakis,0.0,1471.1584503518457,1477.4580224903577,1455.4485245826415,1493.1679482595619,True,True,32,1500
353,26-3-07,3,Andy Perez,Stan Kornacki,1.0,1497.143262106558,1615.9851341968758,1518.4122260389845,1594.7161702644494,True,True,32,1500
354,26-3-07,3,Anthony Wilkinson,Mike Laing,1.0,1668.9644069609185,1585.3615188009042,1681.1869787430317,1573.138947018791,True,True,32,1500
355,26-3-07,3,Bailey Sarkis,Philip Watson,1.0,1501.6100142673863,1500.0,1517.5358709010693,,True,False,32,1500
356,26-3-07,3,Dani Masom,Daniel Hernandez,1.0,1438.7845005760669,1451.0176926648292,1455.3476271997606,1434.4545660411354,True,True,32,1500
357,26-3-07,3,Evan Johnstone,Hex Dowd,0.0,1406.2029174251093,1409.7293526718133,1390.3653101931677,1425.5669599037549,True,True,32,1500
358,26-3-07,3,Ian Marcellana,Reya Truher,0.0,1500.0,1504.147944254986,,1519.9569334378903,False,True,32,1500
359,26-3-07,3,Jarrod Haase,Logan Hesch,0.0,1381.7835601127374,1516.4480272123337,1371.6921276985581,1526.539459626513,True,True,32,1500
360,26-3-07,3,Joseph Chung,Pan Rasking,1.0,1417.0861293642552,1455.4485245826415,1434.8456383116552,1437.6890156352415,True,True,32,1500
361,26-3-07,3,Mike Adams,Timofey Tylik,1.0,1547.5392646081482,1503.5600302666733,1561.5246944350706,1489.5746004397508,True,True,32,1500
362,26-3-07,3,Nathan Choi,Nathan Cormier,0.5,1606.0760635553017,1533.8384274558782,1602.7965193333189,1537.117971677861,True,True,32,1500
363,26-3-07,3,Patrick Brooks,cory wright,1.0,1497.0524396098333,1500.0,1513.1881765256323,,True,False,32,1500
364,26-3-07,3,Phil iwanow,Robert Legree,0.0,1414.3973477484963,1500.0,1402.2616164745061,,True,False,32,1500
365,26-3-07,3,Sean Marks,Terry Eleftherakis,1.0,1500.0,1493.1679482595619,,1477.4825353220883,False,True,32,1500
366,26-3-07,3,Sean Thornton,Stella Burfeind,0.0,1500.0,1467.5073820188418,,1484.9993751380737,False,True,32,1500
367,26-3-07,4,Andy Perez,Robert Legree,1.0,1518.4122260389845,1500.0,1533.5651045742566,,True,False,32,1500
368,26-3-07,4,Anthony Wilkinson,Mike Adams,1.0,1681.1869787430317,1561.5246944350706,1691.8843568777534,1550.827316300349,True,True,32,1500
369,26-3-07,4,Bailey Sarkis,Mike Laing,1.0,1517.5358709010693,1573.138947018791,1536.0748477385603,1554.5999701813,True,True,32,1500
370,26-3-07,4,Chris Daniel,Reya Truher,1.0,1500.0,1519.9569334378903,,1503.0388921383906,False,True,32,1500
371,26-3-07,4,Dani Masom,Hex Dowd,0.0,1455.3476271997606,1425.5669599037549,1437.9795257076087,1442.9350613959068,True,True,32,1500
372,26-3-07,4,Daniel Hernandez,Evan Johnstone,1.0,1434.4545660411354,1390.3653101931677,1448.43500971393,1376.3848665203732,True,True,32,1500
373,26-3-07,4,Evan Hamlin,Terry Eleftherakis,1.0,1500.0,1477.4825353220883,,1462.518053435374,False,True,32,1500
374,26-3-07,4,Jarrod Haase,Joseph Chung,1.0,1371.6921276985581,1434.8456383116552,1390.568841240147,1415.9689247700662,True,True,32,1500
375,26-3-07,4,Logan Hesch,Nathan Choi,1.0,1526.539459626513,1602.7965193333189,1545.9959010610394,1583.3400778987925,True,True,32,1500
376,26-3-07,4,Nathan Cormier,Timofey Tylik,0.0,1537.117971677861,1489.5746004397508,1518.942083065074,1507.750489052538,True,True,32,1500
377,26-3-07,4,Pan Rasking,Philip Watson,0.0,1437.6890156352415,1500.0,1424.5281673509778,,True,False,32,1500
378,26-3-07,4,Patrick Brooks,Sean Marks,0.0,1513.1881765256323,1500.0,1496.5811300799205,,True,False,32,1500
379,26-3-07,4,Phil iwanow,Stella Burfeind,0.0,1402.2616164745061,1484.9993751380737,1390.001402601534,1497.2595890110458,True,True,32,1500
380,26-3-07,4,Sean Thornton,Stan Kornacki,0.0,1500.0,1594.7161702644494,,1606.4592668293694,False,True,32,1500
381,26-3-07,5,Andy Perez,Logan Hesch,0.0,1533.5651045742566,1545.9959010610394,1518.1373197615148,1561.423685873781,True,True,32,1500
382,26-3-07,5,Bailey Sarkis,Chris Daniel,1.0,1536.0748477385603,1500.0,1550.4194841782287,,True,False,32,1500
383,26-3-07,5,Dani Masom,Sean Thornton,1.0,1437.9795257076087,1500.0,1456.8057182744092,,True,False,32,1500
384,26-3-07,5,Daniel Hernandez,Philip Watson,0.0,1448.43500971393,1500.0,1434.7923817896044,,True,False,32,1500
385,26-3-07,5,Evan Hamlin,Nathan Cormier,0.0,1500.0,1518.942083065074,,1534.0706311659014,False,True,32,1500
386,26-3-07,5,Evan Johnstone,Pan Rasking,0.5,1376.3848665203732,1424.5281673509778,1378.5878655676818,1422.3251683036692,True,True,32,1500
387,26-3-07,5,Hex Dowd,Reya Truher,1.0,1442.9350613959068,1503.0388921383906,1461.6756606445406,1484.2982928897568,True,True,32,1500
388,26-3-07,5,Ian Marcellana,Phil iwanow,0.0,1500.0,1390.001402601534,,1410.9042934256133,False,True,32,1500
389,26-3-07,5,Jarrod Haase,Patrick Brooks,1.0,1390.568841240147,1496.5811300799205,1411.3048140082974,1475.8451573117702,True,True,32,1500
390,26-3-07,5,Mike Laing,Stan Kornacki,1.0,1554.5999701813,1606.4592668293694,1572.97059969519,1588.0886373154794,True,True,32,1500
391,26-3-07,5,Nathan Choi,Stella Burfeind,0.0,1583.3400778987925,1497.2595890110458,1563.455094446945,1517.1445724628934,True,True,32,1500
392,26-3-13,1,Amy Altman,Daniel Hernandez,1.0,1565.253729885577,1434.7923817896044,1575.5130687807073,1424.5330428944742,True,True,32,1500
393,26-3-13,1,Andy Perez,Phil iwanow,0.5,1518.1373197615148,1410.9042934256133,1513.3501089085378,1415.6915042785904,True,True,32,1500
394,26-3-13,1,Anthony Wilkinson,Logan Hesch,1.0,1691.8843568777534,1561.423685873781,1702.1437229401429,1551.1643198113916,True,True,32,1500
395,26-3-13,1,Becca Blackwood,Gina Millott,0.0,1528.5408353453236,1490.2419755318076,1510.7842169857431,1507.998593891388,True,True,32,1500
396,26-3-13,1,Bradley Skubic,Raul Bottrell-Rogers,1.0,1582.1832865436922,1499.9661637804888,1594.466174625164,1487.683275699017,True,True,32,1500
397,26-3-13,1,Dani Masom,Jarrod Haase,1.0,1456.8057182744092,1411.3048140082974,1470.7222220028043,1397.3883102799023,True,True,32,1500
398,26-3-13,1,David Van Hise,Devon O’Donnell,1.0,1649.6024662852806,1500.0,1659.109431258559,,True,False,32,1500
399,26-3-13,1,Hazel Green,Kenton Najdzien,0.0,1500.0,1528.0338996160124,,1542.7456852823755,False,True,32,1500
400,26-3-13,1,Hex Dowd,Philip Petronis,0.0,1461.6756606445406,1500.0,1447.4334382277086,,True,False,32,1500
401,26-3-13,1,Jack Henry,Nathan Cormier,0.0,1449.7925839535708,1534.0706311659014,1437.5993578718608,1546.2638572476114,True,True,32,1500
402,26-3-13,1,James Farley,Stella Burfeind,1.0,1500.0,1517.1445724628934,,1500.355675948885,False,True,32,1500
403,26-3-13,1,Joseph Chung,Terry Eleftherakis,0.0,1415.9689247700662,1462.518053435374,1402.0998562288064,1476.3871219766338,True,True,32,1500
404,26-3-13,1,Mike Laing,Milo Brown,0.0,1572.97059969519,1576.6206520301414,1557.1386846333135,1592.452567092018,True,True,32,1500
405,26-3-13,1,Nathan Choi,Sean Marks,1.0,1563.455094446945,1500.0,1576.5649435164,,True,False,32,1500
406,26-3-13,1,Sam Feeley,Tom Kessler,1.0,1500.0,1500.0,1516.0,,True,False,32,1500
407,26-3-13,2,Amy Altman,Anthony Wilkinson,1.0,1575.5130687807073,1702.1437229401429,1597.099425219236,1680.557366501614,True,True,32,1500
408,26-3-13,2,Andy Perez,Jarrod Haase,0.0,1513.3501089085378,1397.3883102799023,1492.199714879851,1418.538704308589,True,True,32,1500
409,26-3-13,2,Becca Blackwood,Stella Burfeind,1.0,1510.7842169857431,1500.355675948885,1526.3041090980985,1484.8357838365296,True,True,32,1500
410,26-3-13,2,Bradley Skubic,Nathan Cormier,1.0,1594.466174625164,1546.2638572476114,1608.2605093516433,1532.4695225211321,True,True,32,1500
411,26-3-13,2,Dani Masom,Sam Feeley,1.0,1470.7222220028043,1516.0,1488.7956163241827,1497.9266056786216,True,True,32,1500
412,26-3-13,2,Daniel Hernandez,Raul Bottrell-Rogers,0.0,1424.5330428944742,1487.683275699017,1411.4096103667341,1500.806708226757,True,True,32,1500
413,26-3-13,2,David Van Hise,Gina Millott,0.0,1659.109431258559,1507.998593891388,1636.5584751492381,1530.549550000709,True,True,32,1500
414,26-3-13,2,Hazel Green,Jack Henry,0.0,1500.0,1437.5993578718608,,1456.442508288769,False,True,32,1500
415,26-3-13,2,Hex Dowd,Phil iwanow,1.0,1447.4334382277086,1415.6915042785904,1461.975721633138,1401.149220873161,True,True,32,1500
416,26-3-13,2,James Farley,Kenton Najdzien,0.0,1500.0,1542.7456852823755,,1556.7870463215286,False,True,32,1500
417,26-3-13,2,Joseph Chung,Mike Laing,1.0,1402.0998562288064,1557.1386846333135,1424.8006789654712,1534.4378618966487,True,True,32,1500
418,26-3-13,2,Logan Hesch,Tom Kessler,1.0,1551.1643198113916,1500.0,1564.8250018093727,,True,False,32,1500
419,26-3-13,2,Milo Brown,Philip Petronis,1.0,1592.452567092018,1500.0,1604.2926943220807,,True,False,32,1500
420,26-3-13,2,Nathan Choi,Terry Eleftherakis,1.0,1576.5649435164,1476.3871219766338,1588.0753182333117,1464.8767472597222,True,True,32,1500
421,26-3-13,3,Amy Altman,Sam Feeley,1.0,1597.099425219236,1497.9266056786216,1608.6524723843831,1486.3735585134746,True,True,32,1500
422,26-3-13,3,Andy Perez,Stella Burfeind,1.0,1492.199714879851,1484.8357838365296,1507.8606440952392,1469.1748546211413,True,True,32,1500
423,26-3-13,3,Anthony Wilkinson,Joseph Chung,1.0,1680.557366501614,1424.8006789654712,1686.5285755582938,1418.8294699087915,True,True,32,1500
424,26-3-13,3,Becca Blackwood,Philip Petronis,1.0,1526.3041090980985,1500.0,1541.0950692577612,,True,False,32,1500
425,26-3-13,3,Bradley Skubic,Dani Masom,1.0,1608.2605093516433,1488.7956163241827,1618.965980789799,1478.090144886027,True,True,32,1500
426,26-3-13,3,Daniel Hernandez,Mike Laing,0.0,1411.4096103667341,1534.4378618966487,1400.849769466504,1544.9977027968787,True,True,32,1500
427,26-3-13,3,David Van Hise,Hex Dowd,0.0,1636.5584751492381,1461.975721633138,1613.1333101908044,1485.4008865915716,True,True,32,1500
428,26-3-13,3,Devon O’Donnell,Terry Eleftherakis,1.0,1500.0,1464.8767472597222,,1450.488745148436,False,True,32,1500
429,26-3-13,3,Gina Millott,Milo Brown,0.0,1530.549550000709,1604.2926943220807,1517.8954532495413,1616.9467910732483,True,True,32,1500
430,26-3-13,3,Jack Henry,Jarrod Haase,0.5,1456.442508288769,1418.538704308589,1454.703865868846,1420.2773467285122,True,True,32,1500
431,26-3-13,3,James Farley,Nathan Cormier,1.0,1500.0,1532.4695225211321,,1514.978583745287,False,True,32,1500
432,26-3-13,3,Kenton Najdzien,Nathan Choi,1.0,1556.7870463215286,1588.0753182333117,1574.2240419680436,1570.6383225867967,True,True,32,1500
433,26-3-13,3,Logan Hesch,Raul Bottrell-Rogers,0.0,1564.8250018093727,1500.806708226757,1545.9097682362112,1519.7219417999186,True,True,32,1500
434,26-3-13,3,Phil iwanow,Sean Marks,1.0,1401.149220873161,1500.0,1421.5824852978749,,True,False,32,1500
435,26-3-13,4,Amy Altman,Kenton Najdzien,0.0,1608.6524723843831,1574.2240419680436,1591.0721537925492,1591.8043605598775,True,True,32,1500
436,26-3-13,4,Andy Perez,Nathan Choi,0.0,1507.8606440952392,1570.6383225867967,1494.7206061672377,1583.7783605147981,True,True,32,1500
437,26-3-13,4,Anthony Wilkinson,Hex Dowd,1.0,1686.5285755582938,1485.4008865915716,1694.1788209564656,1477.7506411933998,True,True,32,1500
438,26-3-13,4,Becca Blackwood,Raul Bottrell-Rogers,1.0,1541.0950692577612,1519.7219417999186,1556.112040082998,1504.7049709746818,True,True,32,1500
439,26-3-13,4,Bradley Skubic,Milo Brown,0.0,1618.965980789799,1616.9467910732483,1602.8729947138645,1633.0397771491828,True,True,32,1500
440,26-3-13,4,Dani Masom,James Farley,1.0,1478.090144886027,1500.0,1495.0977956239615,,True,False,32,1500
441,26-3-13,4,David Van Hise,Philip Petronis,0.0,1613.1333101908044,1500.0,1592.0999799416124,,True,False,32,1500
442,26-3-13,4,Devon O’Donnell,Gina Millott,1.0,1500.0,1517.8954532495413,,1501.0720651918589,False,True,32,1500
443,26-3-13,4,Hazel Green,Mike Laing,1.0,1500.0,1544.9977027968787,,1526.9369911443616,False,True,32,1500
444,26-3-13,4,Jack Henry,Terry Eleftherakis,1.0,1454.703865868846,1450.488745148436,1470.5097619092694,1434.6828491080125,True,True,32,1500
445,26-3-13,4,Jarrod Haase,Phil iwanow,1.0,1420.2773467285122,1421.5824852978749,1436.337450298083,1405.522381728304,True,True,32,1500
446,26-3-13,4,Joseph Chung,Stella Burfeind,0.0,1418.8294699087915,1469.1748546211413,1405.1318680839074,1482.8724564460254,True,True,32,1500
447,26-3-13,4,Logan Hesch,Nathan Cormier,1.0,1545.9097682362112,1514.978583745287,1560.4890859281456,1500.3992660533527,True,True,32,1500
448,26-3-13,5,Andy Perez,Nathan Cormier,0.0,1494.7206061672377,1500.3992660533527,1478.9820948347722,1516.1377773858183,True,True,32,1500
449,26-3-13,5,Anthony Wilkinson,Dani Masom,1.0,1694.1788209564656,1495.0977956239615,1701.897860939366,1487.3787556410612,True,True,32,1500
450,26-3-13,5,Becca Blackwood,Nathan Choi,1.0,1556.112040082998,1583.7783605147981,1573.38343507511,1566.5069655226862,True,True,32,1500
451,26-3-13,5,Devon O’Donnell,Jarrod Haase,1.0,1500.0,1436.337450298083,,1423.2368421736821,False,True,32,1500
452,26-3-13,5,Gina Millott,Jack Henry,1.0,1501.0720651918589,1470.5097619092694,1515.6682381413227,1455.9135889598056,True,True,32,1500
453,26-3-13,5,Hex Dowd,Logan Hesch,0.0,1477.7506411933998,1560.4890859281456,1465.4904571890495,1572.749269932496,True,True,32,1500
454,26-3-13,5,James Farley,Raul Bottrell-Rogers,0.0,1500.0,1504.7049709746818,,1520.4883122979638,False,True,32,1500
455,26-3-13,5,Phil iwanow,Stella Burfeind,0.0,1405.522381728304,1482.8724564460254,1393.0267765771996,1495.3680615971298,True,True,32,1500
456,26-3-20,1,Amber Cronin,Will Bellows,1.0,1470.6278706131816,1500.0,1487.9772939244417,,True,False,32,1500
457,26-3-20,1,Amy Altman,Stan Kornacki,1.0,1591.0721537925492,1588.0886373154794,1606.9347611583876,1572.226029949641,True,True,32,1500
458,26-3-20,1,Andy Perez,David Van Hise,0.0,1478.9820948347722,1592.0999799416124,1468.0147850218416,1603.067289754543,True,True,32,1500
459,26-3-20,1,Anthony Wilkinson,Jack Henry,1.0,1701.897860939366,1455.9135889598056,1708.147126035573,1449.6643238635986,True,True,32,1500
460,26-3-20,1,Becca Blackwood,jayson chandler,1.0,1573.38343507511,1500.0,1586.0533760645592,,True,False,32,1500
461,26-3-20,1,Dani Masom,Philip Watson,1.0,1487.3787556410612,1500.0,1503.9597298867425,,True,False,32,1500
462,26-3-20,1,Daniel Hernandez,Reya Truher,1.0,1400.849769466504,1484.2982928897568,1420.6204844508188,1464.527577905442,True,True,32,1500
463,26-3-20,1,Devon O’Donnell,Mike Adams,1.0,1500.0,1550.827316300349,,1532.5031882770734,False,True,32,1500
464,26-3-20,1,Evan Johnstone,Milo Brown,1.0,1378.5878655676818,1633.0397771491828,1404.5800903484956,1607.047552368369,True,True,32,1500
465,26-3-20,1,Gina Millott,Stella Burfeind,1.0,1515.6682381413227,1495.3680615971298,1530.734442850134,1480.3018568883185,True,True,32,1500
466,26-3-20,1,Hex Dowd,Sean Thornton,1.0,1465.4904571890495,1500.0,1483.074474619014,,True,False,32,1500
467,26-3-20,1,Jarrod Haase,Sam Feeley,0.0,1423.2368421736821,1486.3735585134746,1410.1128073050606,1499.497593382096,True,True,32,1500
468,26-3-20,1,Jeremy O'Brien,Phil iwanow,1.0,1500.0,1393.0267765771996,,1381.8030916907462,False,True,32,1500
469,26-3-20,1,Jonathon Torchia,Raul Bottrell-Rogers,0.0,1500.0,1520.4883122979638,,1535.5458828196051,False,True,32,1500
470,26-3-20,1,Nathan Choi,Tom Kessler,0.0,1566.5069655226862,1500.0,1547.481075379772,,True,False,32,1500
471,26-3-20,1,Patrick Brooks,Thomas Kotcher,1.0,1475.8451573117702,1500.0,1492.9557401757406,,True,False,32,1500
472,26-3-20,2,Amber Cronin,Dani Masom,0.0,1487.9772939244417,1503.9597298867425,1472.712793575221,1519.2242302359632,True,True,32,1500
473,26-3-20,2,Amy Altman,Evan Johnstone,0.0,1606.9347611583876,1404.5800903484956,1582.5439660838608,1428.9708854230223,True,True,32,1500
474,26-3-20,2,Andy Perez,Stan Kornacki,0.0,1468.0147850218416,1572.226029949641,1456.6749679265743,1583.5658470449084,True,True,32,1500
475,26-3-20,2,Anthony Wilkinson,Sean Marks,1.0,1708.147126035573,1500.0,1715.5646349280569,,True,False,32,1500
476,26-3-20,2,Becca Blackwood,Raul Bottrell-Rogers,1.0,1586.0533760645592,1535.5458828196051,1599.743667593805,1521.8555912903594,True,True,32,1500
477,26-3-20,2,Brooks Kowal,Jack Henry,0.0,1500.0,1449.6643238635986,,1467.9662841986142,False,True,32,1500
478,26-3-20,2,Daniel Hernandez,Jeremy O'Brien,1.0,1420.6204844508188,1500.0,1440.213740400089,,True,False,32,1500
479,26-3-20,2,David Van Hise,Gina Millott,1.0,1603.067289754543,1530.734442850134,1615.7835453614177,1518.0181872432593,True,True,32,1500
480,26-3-20,2,Devon O’Donnell,Patrick Brooks,1.0,1500.0,1492.9557401757406,,1477.2800958852583,False,True,32,1500
481,26-3-20,2,Hex Dowd,Logan Hesch,1.0,1483.074474619014,1572.749269932496,1503.1148273154502,1552.7089172360597,True,True,32,1500
482,26-3-20,2,Jarrod Haase,Philip Watson,1.0,1410.1128073050606,1500.0,1430.162316122372,,True,False,32,1500
483,26-3-20,2,Mike Adams,Phil iwanow,0.0,1532.5031882770734,1381.8030916907462,1509.9679841942013,1404.3382957736183,True,True,32,1500
484,26-3-20,2,Milo Brown,Nathan Choi,0.0,1607.047552368369,1547.481075379772,1588.3309794862694,1566.1976482618716,True,True,32,1500
485,26-3-20,2,Reya Truher,Will Bellows,0.0,1464.527577905442,1500.0,1450.1554908013397,,True,False,32,1500
486,26-3-20,2,Sam Feeley,Tom Kessler,0.0,1499.497593382096,1500.0,1483.5207300457496,,True,False,32,1500
487,26-3-20,3,Amber Cronin,Amy Altman,1.0,1472.712793575221,1582.5439660838608,1493.6086971529885,1561.6480625060933,True,True,32,1500
488,26-3-20,3,Andy Perez,Brooks Kowal,1.0,1456.6749679265743,1500.0,1474.6598815959132,,True,False,32,1500
489,26-3-20,3,Anthony Wilkinson,Evan Johnstone,1.0,1715.5646349280569,1428.9708854230223,1720.721132388179,1423.8143879629001,True,True,32,1500
490,26-3-20,3,Becca Blackwood,David Van Hise,0.0,1599.743667593805,1615.7835453614177,1584.481806927559,1631.0454060276636,True,True,32,1500
491,26-3-20,3,Dani Masom,Daniel Hernandez,0.5,1519.2242302359632,1440.213740400089,1515.6471152788,1443.7908553572522,True,True,32,1500
492,26-3-20,3,Gina Millott,Raul Bottrell-Rogers,0.0,1518.0181872432593,1521.8555912903594,1502.1948990446829,1537.6788794889358,True,True,32,1500
493,26-3-20,3,Hex Dowd,Sam Feeley,1.0,1503.1148273154502,1483.5207300457496,1518.2134412210485,1468.4221161401513,True,True,32,1500
494,26-3-20,3,Jack Henry,Patrick Brooks,0.0,1467.9662841986142,1477.2800958852583,1452.3950983627049,1492.8512817211677,True,True,32,1500
495,26-3-20,3,Jarrod Haase,Thomas Kotcher,0.0,1430.162316122372,1500.0,1417.3358334181714,,True,False,32,1500
496,26-3-20,3,Jeremy O'Brien,Nathan Choi,0.0,1500.0,1566.1976482618716,,1579.185495547413,False,True,32,1500
497,26-3-20,3,Jonathon Torchia,Mike Adams,1.0,1500.0,1509.9679841942013,,1493.5090674663988,False,True,32,1500
498,26-3-20,3,Logan Hesch,Phil iwanow,1.0,1552.7089172360597,1404.3382957736183,1562.2633364663964,1394.7838765432816,True,True,32,1500
499,26-3-20,3,Milo Brown,Philip Watson,0.0,1588.3309794862694,1500.0,1568.3486219059196,,True,False,32,1500
500,26-3-20,3,Sean Marks,Stella Burfeind,1.0,1500.0,1480.3018568883185,,1465.2080191827913,False,True,32,1500
501,26-3-20,3,Stan Kornacki,Will Bellows,0.0,1583.5658470449084,1500.0,1563.790029595472,,True,False,32,1500
502,26-3-20,4,Amber Cronin,Tom Kessler,0.0,1493.6086971529885,1500.0,1477.9029943302346,,True,False,32,1500
503,26-3-20,4,Amy Altman,Andy Perez,1.0,1561.6480625060933,1474.6598815959132,1573.7237677832468,1462.5841763187598,True,True,32,1500
504,26-3-20,4,Anthony Wilkinson,Devon O’Donnell,1.0,1720.721132388179,1500.0,1727.734226287691,,True,False,32,1500
505,26-3-20,4,Becca Blackwood,Will Bellows,0.0,1584.481806927559,1500.0,1564.6661819393742,,True,False,32,1500
506,26-3-20,4,Brooks Kowal,Mike Adams,0.0,1500.0,1493.5090674663988,,1509.807951183683,False,True,32,1500
507,26-3-20,4,Dani Masom,Jonathon Torchia,1.0,1515.6471152788,1500.0,1530.9270257640167,,True,False,32,1500
508,26-3-20,4,Daniel Hernandez,Logan Hesch,0.0,1443.7908553572522,1562.2633364663964,1433.04464767115,1573.0095441524986,True,True,32,1500
509,26-3-20,4,David Van Hise,Hex Dowd,1.0,1631.0454060276636,1518.2134412210485,1642.024583306185,1507.2342639425271,True,True,32,1500
510,26-3-20,4,Evan Johnstone,Patrick Brooks,1.0,1423.8143879629001,1492.8512817211677,1442.9524621659584,1473.7132075181094,True,True,32,1500
511,26-3-20,4,Gina Millott,Sean Thornton,0.0,1502.1948990446829,1500.0,1486.0938215529247,,True,False,32,1500
512,26-3-20,4,Jack Henry,Philip Watson,1.0,1452.3950983627049,1500.0,1470.573768083558,,True,False,32,1500
513,26-3-20,4,Jarrod Haase,Milo Brown,1.0,1417.3358334181714,1568.3486219059196,1439.8830307090261,1545.801424615065,True,True,32,1500
514,26-3-20,4,Jeremy O'Brien,Stella Burfeind,0.0,1500.0,1465.2080191827913,,1482.8049148423645,False,True,32,1500
515,26-3-20,4,Nathan Choi,Sean Marks,1.0,1579.185495547413,1500.0,1591.600724973962,,True,False,32,1500
516,26-3-20,4,Phil iwanow,Reya Truher,0.0,1394.7838765432816,1450.1554908013397,1381.312461483596,1463.6269058610253,True,True,32,1500
517,26-3-20,4,Raul Bottrell-Rogers,Thomas Kotcher,1.0,1537.6788794889358,1500.0,1551.9504736330243,,True,False,32,1500
518,26-3-20,4,Sam Feeley,Stan Kornacki,1.0,1468.4221161401513,1563.790029595472,1488.7068949494176,1543.5052507862058,True,True,32,1500
519,26-3-20,5,Amber Cronin,Sam Feeley,0.0,1477.9029943302346,1488.7068949494176,1462.4003720345281,1504.209517245124,True,True,32,1500
520,26-3-20,5,Amy Altman,Thomas Kotcher,1.0,1573.7237677832468,1500.0,1586.3787178449995,,True,False,32,1500
521,26-3-20,5,Andy Perez,Philip Watson,0.5,1462.5841763187598,1500.0,1464.3006083960306,,True,False,32,1500
522,26-3-20,5,Anthony Wilkinson,David Van Hise,0.0,1727.734226287691,1642.024583306185,1707.8653182015062,1661.8934913923697,True,True,32,1500
523,26-3-20,5,Becca Blackwood,Jonathon Torchia,1.0,1564.6661819393742,1500.0,1577.7221123314134,,True,False,32,1500
524,26-3-20,5,Brooks Kowal,Milo Brown,0.0,1500.0,1545.801424615065,,1559.7043250795846,False,True,32,1500
525,26-3-20,5,Dani Masom,Tom Kessler,0.0,1530.9270257640167,1500.0,1513.5065334626634,,True,False,32,1500
526,26-3-20,5,Daniel Hernandez,Hex Dowd,0.0,1433.04464767115,1507.2342639425271,1420.4102072814467,1519.8687043322304,True,True,32,1500
527,26-3-20,5,Devon O’Donnell,Raul Bottrell-Rogers,1.0,1500.0,1551.9504736330243,,1533.575737599671,False,True,32,1500
528,26-3-20,5,Evan Johnstone,Will Bellows,0.0,1442.9524621659584,1500.0,1429.5562407427042,,True,False,32,1500
529,26-3-20,5,Gina Millott,Jack Henry,0.0,1486.0938215529247,1470.573768083558,1469.3795716945058,1487.288017941977,True,True,32,1500
530,26-3-20,5,Jarrod Haase,Stella Burfeind,1.0,1439.8830307090261,1482.8049148423645,1457.849661834455,1464.8382837169356,True,True,32,1500
531,26-3-20,5,Jeremy O'Brien,Mike Adams,1.0,1500.0,1509.807951183683,,1493.3563982821972,False,True,32,1500
532,26-3-20,5,Logan Hesch,Nathan Choi,0.0,1573.0095441524986,1591.600724973962,1557.8648834631715,1606.7453856632892,True,True,32,1500
533,26-3-20,5,Patrick Brooks,Reya Truher,0.0,1473.7132075181094,1463.6269058610253,1457.2488466056898,1480.0912667734449,True,True,32,1500
534,26-3-20,5,Phil iwanow,Stan Kornacki,0.0,1381.312461483596,1543.5052507862058,1372.2825917540576,1552.5351205157442,True,True,32,1500
535,26-3-27,1,Amy Altman,Devon O’Donnell,0.0,1586.3787178449995,1500.0,1566.4808128565924,,True,False,32,1500
536,26-3-27,1,Anthony Wilkinson,Reya Truher,1.0,1707.8653182015062,1480.0912667734449,1714.658619065071,1473.29796590988,True,True,32,1500
537,26-3-27,1,Becca Blackwood,Stan Kornacki,0.0,1577.7221123314134,1552.5351205157442,1560.5642361425087,1569.692996704649,True,True,32,1500
538,26-3-27,1,Dani Masom,Daniel Hernandez,1.0,1513.5065334626634,1420.4102072814467,1525.3190317931826,1408.5977089509274,True,True,32,1500
539,26-3-27,1,David Van Hise,Nathan Cormier,1.0,1661.8934913923697,1516.1377773858183,1671.5490936627077,1506.4821751154802,True,True,32,1500
540,26-3-27,1,Hex Dowd,Logan Hesch,0.0,1519.8687043322304,1557.8648834631715,1505.6115504313955,1572.1220373640065,True,True,32,1500
541,26-3-27,1,Isharah Considine,Kenton Najdzien,0.0,1563.7785034902715,1591.8043605598775,1549.0663498511815,1606.5165141989676,True,True,32,1500
542,26-3-27,1,Jeffrey Silver,Kevin Thanakit,0.0,1500.0,1500.0,1484.0,1516.0,True,True,32,1500
543,26-3-27,1,Mike Laing,Terry Eleftherakis,1.0,1526.9369911443616,1434.6828491080125,1538.7856397720282,1422.834200480346,True,True,32,1500
544,26-3-27,1,Nathan Choi,Will Bellows,1.0,1606.7453856632892,1500.0,1617.9786297238677,,True,False,32,1500
545,26-3-27,1,Phil iwanow,Robert Legree,1.0,1372.2825917540576,1500.0,1393.9128460780403,,True,False,32,1500
546,26-3-27,1,Raul Bottrell-Rogers,Stella Burfeind,0.0,1533.575737599671,1464.8382837169356,1514.4509249041487,1483.9630964124578,True,True,32,1500
547,26-3-27,2,Amy Altman,Philip Petronis,1.0,1566.4808128565924,1500.0,1579.4560840297204,,True,False,32,1500
548,26-3-27,2,Anthony Wilkinson,Mike Laing,1.0,1714.658619065071,1538.7856397720282,1723.1869137113024,1530.2573451257967,True,True,32,1500
549,26-3-27,2,Becca Blackwood,Daniel Hernandez,1.0,1560.5642361425087,1408.5977089509274,1569.9805130604684,1399.1814320329677,True,True,32,1500
550,26-3-27,2,Chris Hirt,Nathan Cormier,0.0,1500.0,1506.4821751154802,,1522.1836945516643,False,True,32,1500
551,26-3-27,2,Dani Masom,Stan Kornacki,0.0,1525.3190317931826,1569.692996704649,1511.3514892293704,1583.6605392684612,True,True,32,1500
552,26-3-27,2,David Van Hise,Sean Marks,1.0,1671.5490936627077,1500.0,1680.233989672102,,True,False,32,1500
553,26-3-27,2,Hex Dowd,Reya Truher,0.0,1505.6115504313955,1473.29796590988,1488.1277308072217,1490.7817855340538,True,True,32,1500
554,26-3-27,2,Isharah Considine,Raul Bottrell-Rogers,0.0,1549.0663498511815,1514.4509249041487,1531.4775043057148,1532.0397704496154,True,True,32,1500
555,26-3-27,2,Jeffrey Silver,Terry Eleftherakis,1.0,1484.0,1422.834200480346,1497.2119551267663,1409.6222453535797,True,True,32,1500
556,26-3-27,2,Kenton Najdzien,Stella Burfeind,1.0,1606.5165141989676,1483.9630964124578,1617.0957030180987,1473.3839075933267,True,True,32,1500
557,26-3-27,2,Kevin Thanakit,Nathan Choi,1.0,1516.0,1617.9786297238677,1536.565914224989,1597.4127154988787,True,True,32,1500
558,26-3-27,2,Logan Hesch,Phil iwanow,1.0,1572.1220373640065,1393.9128460780403,1580.5664716524352,1385.4684117896115,True,True,32,1500
559,26-3-27,3,Amy Altman,Nathan Cormier,1.0,1579.4560840297204,1522.1836945516643,1592.842225941864,1508.7975526395207,True,True,32,1500
560,26-3-27,3,Anthony Wilkinson,Logan Hesch,0.0,1723.1869137113024,1580.5664716524352,1700.964632363959,1602.7887529997786,True,True,32,1500
561,26-3-27,3,Becca Blackwood,Jeffrey Silver,1.0,1569.9805130604684,1497.2119551267663,1582.677553556406,1484.5149146308286,True,True,32,1500
562,26-3-27,3,Dani Masom,Sean Marks,1.0,1511.3514892293704,1500.0,1526.8289197614952,,True,False,32,1500
563,26-3-27,3,David Van Hise,Mike Laing,1.0,1680.233989672102,1530.2573451257967,1689.7265671800683,1520.7647676178306,True,True,32,1500
564,26-3-27,3,Devon O’Donnell,Hex Dowd,1.0,1500.0,1488.1277308072217,,1472.6742563051805,False,True,32,1500
565,26-3-27,3,Kenton Najdzien,Stan Kornacki,1.0,1617.0957030180987,1583.6605392684612,1631.560692484628,1569.195549801932,True,True,32,1500
566,26-3-27,3,Kevin Thanakit,cory wright,1.0,1536.565914224989,1500.0,1550.888181568626,,True,False,32,1500
567,26-3-27,3,Nathan Choi,Raul Bottrell-Rogers,1.0,1597.4127154988787,1532.0397704496154,1610.4372120413016,1519.0152739071925,True,True,32,1500
568,26-3-27,3,Phil iwanow,Will Bellows,0.0,1385.4684117896115,1500.0,1374.5596889403066,,True,False,32,1500
569,26-3-27,3,Reya Truher,Stella Burfeind,0.0,1490.7817855340538,1473.3839075933267,1473.9812526510273,1490.1844404763533,True,True,32,1500
570,26-3-27,4,Anthony Wilkinson,Dani Masom,0.0,1700.964632363959,1526.8289197614952,1677.5556303538724,1550.2379217715818,True,True,32,1500
571,26-3-27,4,Daniel Hernandez,Mike Laing,1.0,1399.1814320329677,1520.7647676178306,1420.5626598742087,1499.3835397765895,True,True,32,1500
572,26-3-27,4,David Van Hise,Logan Hesch,0.0,1689.7265671800683,1602.7887529997786,1669.804452476705,1622.710867703142,True,True,32,1500
573,26-3-27,4,Devon O’Donnell,Stella Burfeind,1.0,1500.0,1490.1844404763533,,1474.6363434755565,False,True,32,1500
574,26-3-27,4,Jeffrey Silver,Phil iwanow,1.0,1484.5149146308286,1374.5596889403066,1495.6138336670995,1363.4607699040357,True,True,32,1500
575,26-3-27,4,Kenton Najdzien,Kevin Thanakit,0.0,1631.560692484628,1550.888181568626,1611.9109425390789,1570.537931514175,True,True,32,1500
576,26-3-27,4,Nathan Choi,cory wright,1.0,1610.4372120413016,1500.0,1621.516026030265,,True,False,32,1500
577,26-3-27,4,Philip Petronis,Raul Bottrell-Rogers,1.0,1500.0,1519.0152739071925,,1502.1404614826201,False,True,32,1500
578,26-3-27,4,Reya Truher,Sean Marks,0.0,1473.9812526510273,1500.0,1459.1772253273557,,True,False,32,1500
579,26-3-27,4,Stan Kornacki,Will Bellows,0.0,1569.195549801932,1500.0,1550.0504509010332,,True,False,32,1500
580,26-3-27,5,Amy Altman,Stan Kornacki,1.0,1592.842225941864,1550.0504509010332,1606.8814963098882,1536.0111805330089,True,True,32,1500
581,26-3-27,5,Anthony Wilkinson,Sean Marks,0.0,1677.5556303538724,1500.0,1654.0234714045325,,True,False,32,1500
582,26-3-27,5,Becca Blackwood,cory wright,1.0,1582.677553556406,1500.0,1594.9403886110842,,True,False,32,1500
583,26-3-27,5,Dani Masom,David Van Hise,1.0,1550.2379217715818,1669.804452476705,1571.536617992909,1648.5057562553777,True,True,32,1500
584,26-3-27,5,Daniel Hernandez,Jeffrey Silver,0.0,1420.5626598742087,1495.6138336670995,1407.9661203123126,1508.2103732289956,True,True,32,1500
585,26-3-27,5,Hex Dowd,Phil iwanow,0.0,1472.6742563051805,1363.4607699040357,1451.8041488124163,1384.3308773968,True,True,32,1500
586,26-3-27,5,Kenton Najdzien,Nathan Choi,0.0,1611.9109425390789,1621.516026030265,1596.35316032638,1637.0738082429639,True,True,32,1500
587,26-3-27,5,Kevin Thanakit,Logan Hesch,0.0,1570.537931514175,1622.710867703142,1556.9226856932669,1636.32611352405,True,True,32,1500
588,26-3-27,5,Philip Petronis,Stella Burfeind,0.0,1500.0,1474.6363434755565,,1491.8023124695835,False,True,32,1500
589,26-3-27,5,Raul Bottrell-Rogers,Reya Truher,0.0,1502.1404614826201,1459.1772253273557,1484.1719548242108,1477.145731985765,True,True,32,1500
590,26-4-03,1,Amy Altman,Logan Hesch,1.0,1606.8814963098882,1636.32611352405,1624.234234005864,1618.9733758280743,True,True,32,1500
591,26-4-03,1,Anthony Wilkinson,Pan Rasking,0.0,1654.0234714045325,1422.3251683036692,1628.6966765363425,1447.6519631718593,True,True,32,1500
592,26-4-03,1,Autumn Rossa,Reya Truher,1.0,1500.0,1477.145731985765,1514.9490374613968,1462.1966945243682,True,True,32,1500
593,26-4-03,1,Becca Blackwood,Hex Dowd,1.0,1594.9403886110842,1451.8041488124163,1604.6979579458732,1442.0465794776273,True,True,32,1500
594,26-4-03,1,Dani Masom,Stella Burfeind,0.0,1571.536617992909,1491.8023124695835,1551.9278509737294,1511.411079488763,True,True,32,1500
595,26-4-03,1,Devon O’Donnell,Mike Laing,1.0,1500.0,1499.3835397765895,,1483.4119287892152,False,True,32,1500
596,26-4-03,1,Evan Hamlin,Mike Adams,1.0,1500.0,1493.3563982821972,,1477.662310163731,False,True,32,1500
597,26-4-03,1,Jason Flynn,Kenton Najdzien,1.0,1500.0,1596.35316032638,,1576.026295221176,False,True,32,1500
598,26-4-03,1,Ken Cox,Winston Wong,0.5,1500.0,1500.0,,1500.0,False,True,32,1500
599,26-4-03,1,Nathan Choi,Philip Petronis,1.0,1637.0738082429639,1500.0,1647.069663716454,,True,False,32,1500
600,26-4-03,1,Patrick Brooks,Taylor Pratt,0.0,1457.2488466056898,1500.0,1443.2077336083537,1514.041112997336,True,True,32,1500
601,26-4-03,1,Ran Guo,Stan Kornacki,0.0,1533.9801167988262,1536.0111805330089,1518.0736496749028,1551.9176476569323,True,True,32,1500
602,26-4-03,2,Amy Altman,Evan Hamlin,1.0,1624.234234005864,1500.0,1634.7450159731936,,True,False,32,1500
603,26-4-03,2,Anthony Wilkinson,Logan Hesch,0.0,1628.6966765363425,1618.9733758280743,1612.2490188550855,1635.4210335093312,True,True,32,1500
604,26-4-03,2,Autumn Rossa,Stan Kornacki,1.0,1514.9490374613968,1551.9176476569323,1532.6451088102058,1534.2215763081233,True,True,32,1500
605,26-4-03,2,Becca Blackwood,Devon O’Donnell,1.0,1604.6979579458732,1500.0,1616.0172709065253,,True,False,32,1500
606,26-4-03,2,Chris Hirt,Hex Dowd,0.0,1500.0,1442.0465794776273,,1460.690953371552,False,True,32,1500
607,26-4-03,2,Dani Masom,Reya Truher,0.0,1551.9278509737294,1462.1966945243682,1531.8850683605417,1482.239477137556,True,True,32,1500
608,26-4-03,2,Daniel Hernandez,Jason Flynn,1.0,1407.9661203123126,1500.0,1428.108009522949,,True,False,32,1500
609,26-4-03,2,Jonathon Torchia,Winston Wong,0.0,1500.0,1500.0,,1516.0,False,True,32,1500
610,26-4-03,2,Ken Cox,Ran Guo,0.0,1500.0,1518.0736496749028,,1533.2420773180106,False,True,32,1500
611,26-4-03,2,Kenton Najdzien,Patrick Brooks,1.0,1576.026295221176,1443.2077336083537,1586.1912857864565,1433.0427430430732,True,True,32,1500
612,26-4-03,2,Mike Adams,Philip Petronis,1.0,1477.662310163731,1500.0,1494.6895837419283,,True,False,32,1500
613,26-4-03,2,Nathan Choi,Stella Burfeind,1.0,1647.069663716454,1511.411079488763,1657.1216003918175,1501.3591428133996,True,True,32,1500
614,26-4-03,2,Pan Rasking,Tom Kessler,1.0,1447.6519631718593,1500.0,1466.0446013053984,,True,False,32,1500
615,26-4-03,2,Philip Watson,Taylor Pratt,0.0,1500.0,1514.041112997336,,1529.3948476485878,False,True,32,1500
616,26-4-03,3,Amy Altman,Nathan Choi,0.0,1634.7450159731936,1657.1216003918175,1619.7740733166918,1672.0925430483194,True,True,32,1500
617,26-4-03,3,Anthony Wilkinson,Ken Cox,1.0,1612.2490188550855,1500.0,1623.2524109862677,,True,False,32,1500
618,26-4-03,3,Autumn Rossa,Daniel Hernandez,1.0,1532.6451088102058,1428.108009522949,1543.9711965319946,1416.7819218011603,True,True,32,1500
619,26-4-03,3,Becca Blackwood,Winston Wong,0.0,1616.0172709065253,1516.0,1595.5344579821203,1536.482812924405,True,True,32,1500
620,26-4-03,3,Dani Masom,Patrick Brooks,0.0,1531.8850683605417,1433.0427430430732,1511.4521633619688,1453.475648041646,True,True,32,1500
621,26-4-03,3,Evan Hamlin,Kenton Najdzien,0.0,1500.0,1586.1912857864565,,1598.3015011442305,False,True,32,1500
622,26-4-03,3,Hex Dowd,Philip Watson,1.0,1460.690953371552,1500.0,1478.4935170162887,,True,False,32,1500
623,26-4-03,3,Jason Flynn,Mike Laing,1.0,1500.0,1483.4119287892152,,1468.1752577795637,False,True,32,1500
624,26-4-03,3,Logan Hesch,Mike Adams,0.0,1635.4210335093312,1494.6895837419283,1613.272742844889,1516.8378744063705,True,True,32,1500
625,26-4-03,3,Pan Rasking,Taylor Pratt,1.0,1466.0446013053984,1529.3948476485878,1484.9300810938275,1510.5093678601586,True,True,32,1500
626,26-4-03,3,Ran Guo,Stella Burfeind,1.0,1533.2420773180106,1501.3591428133996,1547.7779215443445,1486.8232985870657,True,True,32,1500
627,26-4-03,3,Reya Truher,Stan Kornacki,0.0,1482.239477137556,1534.2215763081233,1468.615637478537,1547.8454159671421,True,True,32,1500
628,26-4-03,4,Amy Altman,Daniel Hernandez,1.0,1619.7740733166918,1416.7819218011603,1627.3620154728603,1409.1939796449917,True,True,32,1500
629,26-4-03,4,Anthony Wilkinson,Patrick Brooks,1.0,1623.2524109862677,1453.475648041646,1632.0020157059787,1444.726043321935,True,True,32,1500
630,26-4-03,4,Autumn Rossa,Nathan Choi,0.0,1543.9711965319946,1672.0925430483194,1533.617742788947,1682.445996791367,True,True,32,1500
631,26-4-03,4,Becca Blackwood,Stan Kornacki,0.0,1595.5344579821203,1547.8454159671421,1577.3519854235658,1566.0278885256967,True,True,32,1500
632,26-4-03,4,Dani Masom,Ken Cox,0.0,1511.4521633619688,1500.0,1494.9249626684298,,True,False,32,1500
633,26-4-03,4,Devon O’Donnell,Taylor Pratt,1.0,1500.0,1510.5093678601586,,1494.0255411372698,False,True,32,1500
634,26-4-03,4,Hex Dowd,Ran Guo,0.0,1478.4935170162887,1547.7779215443445,1465.6425495223389,1560.6288890382943,True,True,32,1500
635,26-4-03,4,Jason Flynn,Reya Truher,1.0,1500.0,1468.615637478537,,1454.0570224578266,False,True,32,1500
636,26-4-03,4,Kenton Najdzien,Mike Adams,1.0,1598.3015011442305,1516.8378744063705,1610.617232668065,1504.522142882536,True,True,32,1500
637,26-4-03,4,Logan Hesch,Philip Watson,0.0,1613.272742844889,1500.0,1592.233627664865,,True,False,32,1500
638,26-4-03,4,Mike Laing,Stella Burfeind,0.5,1468.1752577795637,1486.8232985870657,1469.033208083261,1485.9653482833685,True,True,32,1500
639,26-4-03,4,Pan Rasking,Winston Wong,1.0,1484.9300810938275,1536.482812924405,1503.2869008984542,1518.1259931197783,True,True,32,1500
640,26-4-03,5,Anthony Wilkinson,Hex Dowd,1.0,1632.0020157059787,1465.6425495223389,1640.8772330043532,1456.7673322239643,True,True,32,1500
641,26-4-03,5,Becca Blackwood,Evan Hamlin,0.0,1577.3519854235658,1500.0,1557.847506804615,,True,False,32,1500
642,26-4-03,5,Daniel Hernandez,Taylor Pratt,0.0,1409.1939796449917,1494.0255411372698,1397.0247917644795,1506.194729017782,True,True,32,1500
643,26-4-03,5,Devon O’Donnell,Winston Wong,1.0,1500.0,1518.1259931197783,,1501.292016788316,False,True,32,1500
644,26-4-03,5,Jason Flynn,Ran Guo,0.0,1500.0,1560.6288890382943,,1573.8648254747566,False,True,32,1500
645,26-4-03,5,Ken Cox,Mike Laing,0.0,1500.0,1469.033208083261,,1486.4555172308092,False,True,32,1500
646,26-4-03,5,Kenton Najdzien,Stan Kornacki,0.0,1610.617232668065,1566.0278885256967,1592.5750174702018,1584.07010372356,True,True,32,1500
647,26-4-03,5,Mike Adams,Philip Watson,1.0,1504.522142882536,1500.0,1520.3139022659814,,True,False,32,1500
648,26-4-03,5,Nathan Choi,Pan Rasking,0.5,1682.445996791367,1503.2869008984542,1674.8564850971495,1510.8764125926716,True,True,32,1500
649,26-4-03,5,Reya Truher,Stella Burfeind,0.5,1454.0570224578266,1485.9653482833685,1455.5223377454085,1484.5000329957866,True,True,32,1500
650,26-4-10,1,Adam Silvia,Ethan Ford,0.0,1500.0,1500.0,,1516.0,False,True,32,1500
651,26-4-10,1,Amy Altman,Kevin Thanakit,1.0,1627.3620154728603,1556.9226856932669,1640.1618905296834,1544.1228106364438,True,True,32,1500
652,26-4-10,1,Anthony Wilkinson,Luke Deratzou,0.0,1640.8772330043532,1500.0,1618.7232210353418,,True,False,32,1500
653,26-4-10,1,Autumn Rossa,Pan Rasking,1.0,1533.617742788947,1510.8764125926716,1548.5719588996246,1495.922196481994,True,True,32,1500
654,26-4-10,1,Bailey Sarkis,Evan Hamlin,0.0,1550.4194841782287,1500.0,1532.113744360515,,True,False,32,1500
655,26-4-10,1,Becca Blackwood,Devon O’Donnell,0.0,1557.847506804615,1500.0,1539.2078774260385,,True,False,32,1500
656,26-4-10,1,Chris Hirt,Milo Brown,0.0,1500.0,1559.7043250795846,,1572.9815874731034,False,True,32,1500
657,26-4-10,1,Dani Masom,Sean Thornton,1.0,1494.9249626684298,1500.0,1511.1586601535762,,True,False,32,1500
658,26-4-10,1,Daniel Hernandez,Gina Millott,0.0,1397.0247917644795,1469.3795716945058,1384.3095036537713,1482.094859805214,True,True,32,1500
659,26-4-10,1,Evan Johnstone,Jonathon Torchia,1.0,1429.5562407427042,1500.0,1448.7565615103317,,True,False,32,1500
660,26-4-10,1,Hex Dowd,Logan Hesch,0.0,1456.7673322239643,1592.233627664865,1446.7077625541451,1602.2931973346842,True,True,32,1500
661,26-4-10,1,Isharah Considine,Nathan Cormier,0.0,1531.4775043057148,1508.7975526395207,1514.434534959103,1525.8405219861324,True,True,32,1500
662,26-4-10,1,Jack Henry,Mike Laing,0.0,1487.288017941977,1486.4555172308092,1471.2496799407998,1502.4938552319863,True,True,32,1500
663,26-4-10,1,Jarrod Haase,Reya Truher,1.0,1457.849661834455,1455.5223377454085,1473.7424862023938,1439.6295133774697,True,True,32,1500
664,26-4-10,1,Jeffrey Silver,Kenton Najdzien,0.0,1508.2103732289956,1592.5750174702018,1496.0209091172087,1604.7644815819888,True,True,32,1500
665,26-4-10,1,Mike Adams,Sean Marks,1.0,1520.3139022659814,1500.0,1535.3794770363988,,True,False,32,1500
666,26-4-10,1,Nathan Choi,Stella Burfeind,1.0,1674.8564850971495,1484.5000329957866,1682.8734919261476,1476.4830261667885,True,True,32,1500
667,26-4-10,1,Raul Bottrell-Rogers,Stan Kornacki,0.0,1484.1719548242108,1584.07010372356,1472.6497121167197,1595.592346431051,True,True,32,1500
668,26-4-10,1,Winston Wong,jayson chandler,0.0,1501.292016788316,1500.0,1485.2325174906523,,True,False,32,1500
669,26-4-10,2,Adam Silvia,Winston Wong,0.0,1500.0,1485.2325174906523,,1501.9121759491632,False,True,32,1500
670,26-4-10,2,Amy Altman,Dani Masom,1.0,1640.1618905296834,1511.1586601535762,1650.4798219638947,1500.840728719365,True,True,32,1500
671,26-4-10,2,Anthony Wilkinson,Jack Henry,1.0,1618.7232210353418,1471.2496799407998,1628.3122838816448,1461.6606170944967,True,True,32,1500
672,26-4-10,2,Autumn Rossa,Jarrod Haase,1.0,1548.5719588996246,1473.7424862023938,1561.178247524979,1461.1361975770394,True,True,32,1500
673,26-4-10,2,Bailey Sarkis,Kevin Thanakit,0.0,1532.113744360515,1544.1228106364438,1516.6665621617394,1559.5699928352194,True,True,32,1500
674,26-4-10,2,Bassel N,Hex Dowd,0.0,1500.0,1446.7077625541451,,1465.1428930066236,False,True,32,1500
675,26-4-10,2,Becca Blackwood,Daniel Hernandez,1.0,1539.2078774260385,1384.3095036537713,1548.5123892839697,1375.0049917958402,True,True,32,1500
676,26-4-10,2,Chris Hirt,Pan Rasking,1.0,1500.0,1495.922196481994,,1480.1099776513963,False,True,32,1500
677,26-4-10,2,Ethan Ford,Logan Hesch,1.0,1516.0,1602.2931973346842,1535.8942001442115,1582.3989971904728,True,True,32,1500
678,26-4-10,2,Evan Johnstone,[REDACTED] [REDACTED],1.0,1448.7565615103317,1500.0,1467.0994450566654,,True,False,32,1500
679,26-4-10,2,Gina Millott,Mike Laing,0.0,1482.094859805214,1502.4938552319863,1467.0331902980986,1517.5555247391017,True,True,32,1500
680,26-4-10,2,Isharah Considine,Philip Petronis,0.0,1514.434534959103,1500.0,1497.7701822532226,,True,False,32,1500
681,26-4-10,2,Jason Flynn,Nathan Cormier,1.0,1500.0,1525.8405219861324,,1508.652711345048,False,True,32,1500
682,26-4-10,2,Jeffrey Silver,[REDACTED] [REDACTED],1.0,1496.0209091172087,1500.0,1512.2041450128863,,True,False,32,1500
683,26-4-10,2,Kenton Najdzien,Luke Deratzou,0.0,1604.7644815819888,1500.0,1584.0809933537355,,True,False,32,1500
684,26-4-10,2,Mike Adams,Nathan Choi,0.0,1535.3794770363988,1682.8734919261476,1525.7912056519751,1692.4617633105713,True,True,32,1500
685,26-4-10,2,Milo Brown,Stan Kornacki,1.0,1572.9815874731034,1595.592346431051,1590.0213838762982,1578.5525500278563,True,True,32,1500
686,26-4-10,2,Raul Bottrell-Rogers,Stella Burfeind,0.0,1472.6497121167197,1476.4830261667885,1456.8262355897702,1492.306502693738,True,True,32,1500
687,26-4-10,2,Reya Truher,Thomas Kotcher,1.0,1439.6295133774697,1500.0,1458.3820307275957,,True,False,32,1500
688,26-4-10,3,Adam Silvia,Jack Henry,0.0,1500.0,1461.6606170944967,,1479.4190790939958,False,True,32,1500
689,26-4-10,3,Amy Altman,Tom Kessler,0.0,1650.4798219638947,1500.0,1627.9530717469206,,True,False,32,1500
690,26-4-10,3,Anthony Wilkinson,Kenton Najdzien,0.0,1628.3122838816448,1584.0809933537355,1610.286291158825,1602.1069860765554,True,True,32,1500
691,26-4-10,3,Autumn Rossa,Mike Laing,0.0,1561.178247524979,1517.5555247391017,1543.1798371159389,1535.5539351481418,True,True,32,1500
692,26-4-10,3,Becca Blackwood,Jeffrey Silver,0.0,1548.5123892839697,1512.2041450128863,1530.8463932067548,1529.8701410901012,True,True,32,1500
693,26-4-10,3,Chris Hirt,Kevin Thanakit,0.0,1500.0,1559.5699928352194,,1572.8532627101054,False,True,32,1500
694,26-4-10,3,Dani Masom,Hex Dowd,1.0,1500.840728719365,1465.1428930066236,1515.2025432826072,1450.7810784433814,True,True,32,1500
695,26-4-10,3,Devon O’Donnell,Ethan Ford,1.0,1500.0,1535.8942001442115,,1518.2470671069398,False,True,32,1500
696,26-4-10,3,Dylan Shanes,Evan Johnstone,1.0,1500.0,1467.0994450566654,,1452.6100589649573,False,True,32,1500
697,26-4-10,3,Evan Hamlin,Stan Kornacki,0.0,1500.0,1578.5525500278563,,1590.9954757767584,False,True,32,1500
698,26-4-10,3,Gina Millott,Reya Truher,1.0,1467.0331902980986,1458.3820307275957,1482.6348719941136,1442.7803490315807,True,True,32,1500
699,26-4-10,3,Jarrod Haase,Stella Burfeind,0.0,1461.1361975770394,1492.306502693738,1446.5678043081596,1506.8748959626178,True,True,32,1500
700,26-4-10,3,Jason Flynn,Milo Brown,0.0,1500.0,1590.0213838762982,,1601.9660917457495,False,True,32,1500
701,26-4-10,3,Jonathon Torchia,Winston Wong,0.0,1500.0,1501.9121759491632,,1517.8241178815558,False,True,32,1500
702,26-4-10,3,Logan Hesch,Matt Suyer,0.0,1582.3989971904728,1500.0,1562.6739626615142,,True,False,32,1500
703,26-4-10,3,Luke Deratzou,Nathan Choi,0.0,1500.0,1692.4617633105713,,1700.4061726975958,False,True,32,1500
704,26-4-10,3,Nathan Cormier,Sean Marks,0.0,1508.652711345048,1500.0,1492.2543216235013,,True,False,32,1500
705,26-4-10,3,Pan Rasking,Thomas Kotcher,0.0,1480.1099776513963,1500.0,1465.0249476919055,,True,False,32,1500
706,26-4-10,3,Raul Bottrell-Rogers,Sean Thornton,1.0,1456.8262355897702,1500.0,1474.8042899656714,,True,False,32,1500
707,26-4-10,4,Adam Silvia,Hex Dowd,0.0,1500.0,1450.7810784433814,,1469.0326517346737,False,True,32,1500
708,26-4-10,4,Amy Altman,Jeffrey Silver,1.0,1627.9530717469206,1529.8701410901012,1639.5524732593626,1518.2707395776592,True,True,32,1500
709,26-4-10,4,Anthony Wilkinson,Logan Hesch,0.0,1610.286291158825,1562.6739626615142,1592.1072857609315,1580.8529680594077,True,True,32,1500
710,26-4-10,4,Autumn Rossa,Evan Johnstone,1.0,1543.1798371159389,1452.6100589649573,1555.1009223096637,1440.6889737712324,True,True,32,1500
711,26-4-10,4,Dani Masom,Matt Suyer,0.0,1515.2025432826072,1500.0,1498.5028867616618,,True,False,32,1500
712,26-4-10,4,Devon O’Donnell,Mike Laing,1.0,1500.0,1535.5539351481418,,1517.9223073854682,False,True,32,1500
713,26-4-10,4,Dylan Shanes,Milo Brown,0.0,1500.0,1601.9660917457495,,1613.400707900792,False,True,32,1500
714,26-4-10,4,Ethan Ford,Gina Millott,1.0,1518.2470671069398,1482.6348719941136,1532.6127843200616,1468.2691547809918,True,True,32,1500
715,26-4-10,4,Jack Henry,Reya Truher,0.0,1479.4190790939958,1442.7803490315807,1461.7380300876614,1460.4613980379152,True,True,32,1500
716,26-4-10,4,Jason Flynn,Kevin Thanakit,0.0,1500.0,1572.8532627101054,,1585.5465688290553,False,True,32,1500
717,26-4-10,4,Jonathon Torchia,Raul Bottrell-Rogers,0.0,1500.0,1474.8042899656714,,1491.962565540052,False,True,32,1500
718,26-4-10,4,Kenton Najdzien,Stella Burfeind,1.0,1602.1069860765554,1506.8748959626178,1613.8280141940077,1495.1538678451655,True,True,32,1500
719,26-4-10,4,Luke Deratzou,Winston Wong,1.0,1500.0,1517.8241178815558,,1501.0040062735352,False,True,32,1500
720,26-4-10,4,Mike Adams,Stan Kornacki,1.0,1525.7912056519751,1590.9954757767584,1544.7592093096973,1572.0274721190362,True,True,32,1500
721,26-4-10,4,Nathan Choi,Tom Kessler,1.0,1700.4061726975958,1500.0,1708.0806223717025,,True,False,32,1500
722,26-4-10,4,Pan Rasking,Sean Thornton,1.0,1465.0249476919055,1500.0,1482.6301896847847,,True,False,32,1500
723,26-4-10,5,Amy Altman,Luke Deratzou,0.0,1639.5524732593626,1500.0,1617.4505195700021,,True,False,32,1500
724,26-4-10,5,Anthony Wilkinson,Pan Rasking,0.0,1592.1072857609315,1482.6301896847847,1571.2261658586926,1503.5113095870236,True,True,32,1500
725,26-4-10,5,Autumn Rossa,Tom Kessler,0.5,1555.1009223096637,1500.0,1552.5844933476585,,True,False,32,1500
726,26-4-10,5,Chris Hirt,Stella Burfeind,0.5,1500.0,1495.1538678451655,,1495.3770260063586,False,True,32,1500
727,26-4-10,5,Dani Masom,Ethan Ford,0.0,1498.5028867616618,1532.6127843200616,1484.0686781650443,1547.046992916679,True,True,32,1500
728,26-4-10,5,Devon O’Donnell,Nathan Choi,1.0,1500.0,1708.0806223717025,,1683.5003128879023,False,True,32,1500
729,26-4-10,5,Evan Hamlin,Reya Truher,1.0,1500.0,1460.4613980379152,,1446.2743981422288,False,True,32,1500
730,26-4-10,5,Evan Johnstone,Gina Millott,1.0,1440.6889737712324,1468.2691547809918,1457.9564268665304,1451.0017016856937,True,True,32,1500
731,26-4-10,5,Hex Dowd,Stan Kornacki,0.0,1469.0326517346737,1572.0274721190362,1457.641516319878,1583.4186075338318,True,True,32,1500
732,26-4-10,5,Jack Henry,Sean Thornton,0.0,1461.7380300876614,1500.0,1447.4929700620332,,True,False,32,1500
733,26-4-10,5,Jason Flynn,Logan Hesch,1.0,1500.0,1580.8529680594077,,1561.1953411095087,False,True,32,1500
734,26-4-10,5,Jeffrey Silver,Winston Wong,1.0,1518.2707395776592,1501.0040062735352,1533.4762311231227,1485.7985147280717,True,True,32,1500
735,26-4-10,5,Kenton Najdzien,Mike Laing,1.0,1613.8280141940077,1517.9223073854682,1625.5202547730892,1506.2300668063867,True,True,32,1500
736,26-4-10,5,Kevin Thanakit,Milo Brown,1.0,1585.5465688290553,1613.400707900792,1602.8265582049808,1596.1207185248666,True,True,32,1500
737,26-4-10,5,Matt Suyer,Mike Adams,0.5,1500.0,1544.7592093096973,,1542.7092994547222,False,True,32,1500
738,26-4-10,5,Philip Petronis,Raul Bottrell-Rogers,1.0,1500.0,1491.962565540052,,1476.3326370616476,False,True,32,1500
739,26-4-24,1,Amy Altman,Tom Kessler,1.0,1617.4505195700021,1500.0,1628.238756381106,,True,False,32,1500
740,26-4-24,1,Autumn Rossa,Evan Hamlin,1.0,1552.5844933476585,1500.0,1566.18121058074,,True,False,32,1500
741,26-4-24,1,Becca Blackwood,Daniel Hernandez,1.0,1530.8463932067548,1375.0049917958402,1540.115122687174,1365.7362623154208,True,True,32,1500
742,26-4-24,1,Bradley Skubic,Mike Adams,0.5,1602.8729947138645,1542.7092994547222,1600.1297195660384,1545.4525746025483,True,True,32,1500
743,26-4-24,1,David Van Hise,Winston Wong,1.0,1648.5057562553777,1485.7985147280717,1657.5164430371422,1476.7878279463073,True,True,32,1500
744,26-4-24,1,Devon O’Donnell,Stella Burfeind,1.0,1500.0,1495.3770260063586,,1479.589909262955,False,True,32,1500
745,26-4-24,1,Hex Dowd,Jonathon Torchia,1.0,1457.641516319878,1500.0,1475.582588808072,,True,False,32,1500
746,26-4-24,1,Mike Laing,Will Bellows,0.0,1506.2300668063867,1500.0,1489.943192373922,,True,False,32,1500
747,26-4-24,2,Amy Altman,Mike Adams,1.0,1628.238756381106,1545.4525746025483,1640.496862185274,1533.19446879838,True,True,32,1500
748,26-4-24,2,Autumn Rossa,David Van Hise,1.0,1566.18121058074,1657.5164430371422,1586.2930663628492,1637.404587255033,True,True,32,1500
749,26-4-24,2,Becca Blackwood,Jason Flynn,1.0,1540.115122687174,1500.0,1554.2759186649887,,True,False,32,1500
750,26-4-24,2,Bradley Skubic,Daniel Hernandez,1.0,1600.1297195660384,1365.7362623154208,1606.7213536667905,1359.1446282146687,True,True,32,1500
751,26-4-24,2,Devon O’Donnell,Hex Dowd,1.0,1500.0,1475.582588808072,,1460.7052045077103,False,True,32,1500
752,26-4-24,2,Jonathon Torchia,Stella Burfeind,0.0,1500.0,1479.589909262955,,1496.5287489554623,False,True,32,1500
753,26-4-24,2,Mike Laing,Tom Kessler,1.0,1489.943192373922,1500.0,1506.4061961767452,,True,False,32,1500
754,26-4-24,3,Autumn Rossa,Devon O’Donnell,1.0,1586.2930663628492,1500.0,1598.3988718928247,,True,False,32,1500
755,26-4-24,3,Bradley Skubic,Will Bellows,1.0,1606.7213536667905,1500.0,1617.9556062331076,,True,False,32,1500
756,26-4-24,3,Daniel Hernandez,Thomas Kotcher,1.0,1359.1446282146687,1500.0,1381.2977823515794,,True,False,32,1500
757,26-4-24,3,David Van Hise,Evan Hamlin,1.0,1637.404587255033,1500.0,1647.3873595623181,,True,False,32,1500
758,26-4-24,3,Hex Dowd,Mike Adams,1.0,1460.7052045077103,1533.19446879838,1479.9958481400554,1513.903825166035,True,True,32,1500
759,26-4-24,3,Mike Laing,Stella Burfeind,1.0,1506.4061961767452,1496.5287489554623,1521.951445431628,1480.9834997005796,True,True,32,1500
760,26-4-24,4,Amy Altman,Devon O’Donnell,0.0,1640.496862185274,1500.0,1618.3577818504234,,True,False,32,1500
761,26-4-24,4,Autumn Rossa,Bradley Skubic,0.0,1598.3988718928247,1617.9556062331076,1583.2985428113075,1633.0559353146248,True,True,32,1500
762,26-4-24,4,Becca Blackwood,Mike Laing,1.0,1554.2759186649887,1521.951445431628,1568.7916019112008,1507.4357621854158,True,True,32,1500
763,26-4-24,4,Daniel Hernandez,Jason Flynn,0.0,1381.2977823515794,1500.0,1370.561011647046,,True,False,32,1500
764,26-4-24,4,David Van Hise,Philip Petronis,1.0,1647.3873595623181,1500.0,1656.9797543647196,,True,False,32,1500
765,26-4-24,4,Hex Dowd,Will Bellows,0.0,1479.9958481400554,1500.0,1464.9160567525128,,True,False,32,1500
766,26-4-24,4,Mike Adams,Stella Burfeind,0.5,1513.903825166035,1480.9834997005796,1512.392308912192,1482.4950159544226,True,True,32,1500
767,26-4-24,5,Amy Altman,Philip Petronis,0.0,1618.3577818504234,1500.0,1597.108702619197,,True,False,32,1500
768,26-4-24,5,Autumn Rossa,Will Bellows,0.0,1583.2985428113075,1500.0,1563.534351744187,,True,False,32,1500
769,26-4-24,5,Becca Blackwood,Bradley Skubic,0.0,1568.7916019112008,1633.0559353146248,1555.7177884745595,1646.129748751266,True,True,32,1500
770,26-4-24,5,David Van Hise,Devon O’Donnell,0.0,1656.9797543647196,1500.0,1634.2053987756378,,True,False,32,1500
771,26-4-24,5,Hex Dowd,Mike Laing,1.0,1464.9160567525128,1507.4357621854158,1482.8644440914836,1489.487374846445,True,True,32,1500
772,26-4-24,5,Jason Flynn,Stella Burfeind,0.0,1500.0,1482.4950159544226,,1499.3004688323358,False,True,32,1500
773,26-5-01,1,Anthony Wilkinson,Mike Laing,0.0,1571.2261658586926,1489.487374846445,1551.5298996832014,1509.1836410219362,True,True,32,1500
774,26-5-01,1,Bradley Skubic,Pan Rasking,1.0,1646.129748751266,1503.5113095870236,1655.9075456911607,1493.733512647129,True,True,32,1500
775,26-5-01,1,Dani Masom,Hex Dowd,1.0,1484.0686781650443,1482.8644440914836,1500.0132213585975,1466.9199008979303,True,True,32,1500
776,26-5-01,1,Daniel Hernandez,Nathan Choi,0.0,1370.561011647046,1683.5003128879023,1366.0273194672827,1688.0340050676655,True,True,32,1500
777,26-5-01,1,Jarrod Haase,Jonathon Torchia,0.0,1446.5678043081596,1500.0,1433.009230393561,,True,False,32,1500
778,26-5-01,1,Ken Cox,Phil iwanow,1.0,1500.0,1384.3308773968,,1373.4691865278824,False,True,32,1500
779,26-5-01,1,Mike Adams,Nathan Cormier,0.5,1512.392308912192,1492.2543216235013,1511.465957473683,1493.1806730620103,True,True,32,1500
780,26-5-01,1,Nicholas Ailes,Winston Wong,0.0,1500.0,1476.7878279463073,,1493.8552003462255,False,True,32,1500
781,26-5-01,1,Taylor Pratt,Terry Eleftherakis,1.0,1506.194729017782,1409.6222453535797,1517.8585039462919,1397.95847042507,True,True,32,1500
782,26-5-01,2,Anthony Wilkinson,Michael Whalen,1.0,1551.5298996832014,1500.0,1565.174108533575,,True,False,32,1500
783,26-5-01,2,Bradley Skubic,Evan Hamlin,1.0,1655.9075456911607,1500.0,1665.1737684439756,,True,False,32,1500
784,26-5-01,2,Chris Hirt,Hex Dowd,0.0,1500.0,1466.9199008979303,,1484.4387090169712,False,True,32,1500
785,26-5-01,2,Dani Masom,John Larochelle,1.0,1500.0132213585975,1512.3523767780998,1516.5812216768588,1495.7843764598385,True,True,32,1500
786,26-5-01,2,Daniel Hernandez,Phil iwanow,0.0,1366.0273194672827,1373.4691865278824,1350.3699777091622,1389.126528286003,True,True,32,1500
787,26-5-01,2,Jarrod Haase,Mike Adams,0.0,1433.009230393561,1511.465957473683,1420.5621096804625,1523.9130781867814,True,True,32,1500
788,26-5-01,2,Jonathon Torchia,Mike Laing,1.0,1500.0,1509.1836410219362,,1492.7608171925258,False,True,32,1500
789,26-5-01,2,Ken Cox,Winston Wong,0.0,1500.0,1493.8552003462255,,1510.1381493263302,False,True,32,1500
790,26-5-01,2,Nathan Choi,Sean Marks,0.0,1688.0340050676655,1500.0,1664.131607536763,,True,False,32,1500
791,26-5-01,2,Nathan Cormier,Taylor Pratt,0.0,1493.1806730620103,1517.8585039462919,1478.3152218624955,1532.7239551458067,True,True,32,1500
792,26-5-01,2,Pan Rasking,Terry Eleftherakis,0.0,1493.733512647129,1397.95847042507,1473.4313349369475,1418.2606481352514,True,True,32,1500
793,26-5-01,3,Anthony Wilkinson,Nathan Choi,1.0,1565.174108533575,1664.131607536763,1585.611909893951,1643.6938061763872,True,True,32,1500
794,26-5-01,3,Bradley Skubic,Winston Wong,0.0,1665.1737684439756,1510.1381493263302,1642.4730675787841,1532.8388501915217,True,True,32,1500
795,26-5-01,3,Dani Masom,Sean Marks,0.0,1516.5812216768588,1500.0,1499.818207401557,,True,False,32,1500
796,26-5-01,3,Evan Hamlin,Terry Eleftherakis,0.0,1500.0,1418.2606481352514,,1437.956938760528,False,True,32,1500
797,26-5-01,3,Hex Dowd,Mike Laing,1.0,1484.4387090169712,1492.7608171925258,1500.8218829830723,1476.3776432264247,True,True,32,1500
798,26-5-01,3,Jarrod Haase,Nathan Cormier,0.0,1420.5621096804625,1478.3152218624955,1407.1975101513237,1491.6798213916343,True,True,32,1500
799,26-5-01,3,John Larochelle,Ken Cox,1.0,1495.7843764598385,1500.0,1511.978503571712,,True,False,32,1500
800,26-5-01,3,Jonathon Torchia,Taylor Pratt,0.0,1500.0,1532.7239551458067,,1547.2214018507366,False,True,32,1500
801,26-5-01,3,Michael Whalen,Pan Rasking,0.0,1500.0,1473.4313349369475,,1490.652487763199,False,True,32,1500
802,26-5-01,3,Mike Adams,Phil iwanow,0.0,1523.9130781867814,1389.126528286003,1501.9996558088694,1411.0399506639149,True,True,32,1500
803,26-5-01,4,Anthony Wilkinson,Mike Adams,0.0,1585.611909893951,1501.9996558088694,1565.834074402663,1521.7774913001574,True,True,32,1500
804,26-5-01,4,Bradley Skubic,Dani Masom,1.0,1642.4730675787841,1499.818207401557,1652.2494409836459,1490.0418339966952,True,True,32,1500
805,26-5-01,4,Daniel Hernandez,Ken Cox,0.0,1350.3699777091622,1500.0,1340.8640727165823,,True,False,32,1500
806,26-5-01,4,Hex Dowd,John Larochelle,1.0,1500.8218829830723,1511.978503571712,1517.3354878278521,1495.4648987269322,True,True,32,1500
807,26-5-01,4,Jarrod Haase,Michael Whalen,0.5,1407.1975101513237,1500.0,1411.3724042450954,,True,False,32,1500
808,26-5-01,4,Jonathon Torchia,Terry Eleftherakis,1.0,1500.0,1437.956938760528,,1424.7841390292187,False,True,32,1500
809,26-5-01,4,Mike Laing,Nathan Choi,1.0,1476.3776432264247,1643.6938061763872,1499.5377038821161,1620.5337455206957,True,True,32,1500
810,26-5-01,4,Nathan Cormier,Pan Rasking,1.0,1491.6798213916343,1490.652487763199,1507.6325110675493,1474.6997980872839,True,True,32,1500
811,26-5-01,4,Phil iwanow,Sean Marks,0.0,1411.0399506639149,1500.0,1399.0494710386497,,True,False,32,1500
812,26-5-01,4,Taylor Pratt,Winston Wong,1.0,1547.2214018507366,1532.8388501915217,1562.5594389518042,1517.5008130904541,True,True,32,1500
813,26-5-01,5,Anthony Wilkinson,Daniel Hernandez,1.0,1565.834074402663,1340.8640727165823,1572.7141514131004,1333.983995706145,True,True,32,1500
814,26-5-01,5,Dani Masom,Nathan Cormier,0.0,1490.0418339966952,1507.6325110675493,1474.851223134582,1522.8231219296626,True,True,32,1500
815,26-5-01,5,Jarrod Haase,Nathan Choi,0.0,1411.3724042450954,1620.5337455206957,1403.988110721437,1627.9180390443541,True,True,32,1500
816,26-5-01,5,John Larochelle,Phil iwanow,0.0,1495.4648987269322,1399.0494710386497,1475.135375939564,1419.378993826018,True,True,32,1500
817,26-5-01,5,Jonathon Torchia,Winston Wong,0.5,1500.0,1517.5008130904541,,1516.695551805471,False,True,32,1500
818,26-5-01,5,Ken Cox,Mike Laing,0.0,1500.0,1499.5377038821161,,1515.5589933925437,False,True,32,1500
819,26-5-01,5,Mike Adams,Terry Eleftherakis,0.0,1521.7774913001574,1424.7841390292187,1501.423313975832,1445.1383163535443,True,True,32,1500
820,26-5-01,5,Sean Marks,Taylor Pratt,0.5,1500.0,1562.5594389518042,,1559.7092071589107,False,True,32,1500
821,26-5-08,1,Amy Altman,Nathan Cormier,1.0,1597.108702619197,1522.8231219296626,1609.738919467331,1510.1929050815286,True,True,32,1500
822,26-5-08,1,Anthony Wilkinson,Mike Laing,1.0,1572.7141514131004,1515.5589933925437,1586.1055482394581,1502.167596566186,True,True,32,1500
823,26-5-08,1,Becca Blackwood,Jack Henry,0.0,1555.7177884745595,1447.4929700620332,1534.8890282673003,1468.3217302692924,True,True,32,1500
824,26-5-08,1,Bradley Skubic,Daniel Hernandez,1.0,1652.2494409836459,1333.983995706145,1656.6651304157517,1329.568306274039,True,True,32,1500
825,26-5-08,1,Chris Hirt,Jarrod Haase,1.0,1500.0,1403.988110721437,,1392.3004051972496,False,True,32,1500
826,26-5-08,1,Isharah Considine,Josh Kibbe,1.0,1497.7701822532226,1500.0,1513.8728677454365,,True,False,32,1500
827,26-5-08,1,Joel Brook,Ran Guo,0.0,1531.2990909530854,1573.8648254747566,1517.2495665430201,1587.9143498848218,True,True,32,1500
828,26-5-08,1,Jonathon Torchia,Robert Scannevin,0.0,1500.0,1500.0,,1516.0,False,True,32,1500
829,26-5-08,1,Mike Adams,Milo Brown,1.0,1501.423313975832,1596.1207185248666,1521.679414379053,1575.8646181216454,True,True,32,1500
830,26-5-08,1,Nathan Choi,Phil iwanow,1.0,1627.9180390443541,1419.378993826018,1635.322700298075,1411.974332572297,True,True,32,1500
831,26-5-08,1,Sean Marks,Winston Wong,1.0,1500.0,1516.695551805471,,1499.9272844895897,False,True,32,1500
832,26-5-08,2,Amy Altman,Devon O’Donnell,1.0,1609.738919467331,1500.0,1620.8468668235041,,True,False,32,1500
833,26-5-08,2,Anthony Wilkinson,Nathan Choi,1.0,1586.1055482394581,1635.322700298075,1604.357041656018,1617.071206881515,True,True,32,1500
834,26-5-08,2,Becca Blackwood,Josh Kibbe,1.0,1534.8890282673003,1500.0,1549.2877080497,,True,False,32,1500
835,26-5-08,2,Bradley Skubic,Chris Hirt,0.0,1656.6651304157517,1500.0,1633.9026709849036,,True,False,32,1500
836,26-5-08,2,Daniel Hernandez,Joel Brook,1.0,1329.568306274039,1517.2495665430201,1353.4584157841857,1493.3594570328735,True,True,32,1500
837,26-5-08,2,Isharah Considine,Sean Marks,0.0,1513.8728677454365,1500.0,1497.234337886891,,True,False,32,1500
838,26-5-08,2,Jack Henry,Mike Adams,0.0,1468.3217302692924,1521.679414379053,1454.7598047543624,1535.241339893983,True,True,32,1500
839,26-5-08,2,Jarrod Haase,Winston Wong,0.0,1392.3004051972496,1499.9272844895897,1381.1041243460731,1511.1235653407662,True,True,32,1500
840,26-5-08,2,Jonathon Torchia,Mike Laing,0.0,1500.0,1502.167596566186,,1518.0677763504707,False,True,32,1500
841,26-5-08,2,Milo Brown,Philip Petronis,1.0,1575.8646181216454,1500.0,1588.425410077033,,True,False,32,1500
842,26-5-08,2,Nathan Cormier,Phil iwanow,1.0,1510.1929050815286,1411.974332572297,1521.7865331990129,1400.3807044548128,True,True,32,1500
843,26-5-08,2,Ran Guo,Robert Scannevin,1.0,1587.9143498848218,1516.0,1600.649070770493,1503.265279114329,True,True,32,1500
844,26-5-08,3,Amy Altman,Anthony Wilkinson,0.0,1620.8468668235041,1604.357041656018,1604.0880519936327,1621.1158564858895,True,True,32,1500
845,26-5-08,3,Becca Blackwood,Mike Laing,0.0,1549.2877080497,1518.0677763504707,1531.8538342554666,1535.5016501447042,True,True,32,1500
846,26-5-08,3,Bradley Skubic,Winston Wong,1.0,1633.9026709849036,1511.1235653407662,1644.4726615253167,1500.553574800353,True,True,32,1500
847,26-5-08,3,Daniel Hernandez,Robert Scannevin,0.0,1353.4584157841857,1503.265279114329,1343.9593116075828,1512.7643832909318,True,True,32,1500
848,26-5-08,3,Devon O’Donnell,Jack Henry,1.0,1500.0,1454.7598047543624,,1440.8314973664053,False,True,32,1500
849,26-5-08,3,Isharah Considine,Nathan Choi,1.0,1497.234337886891,1617.071206881515,1518.5441154158063,1595.7614293525996,True,True,32,1500
850,26-5-08,3,Jarrod Haase,Phil iwanow,0.0,1381.1041243460731,1400.3807044548128,1365.9909338966122,1415.4938949042737,True,True,32,1500
851,26-5-08,3,Mike Adams,Ran Guo,0.0,1535.241339893983,1600.649070770493,1522.2183898668545,1613.6720207976214,True,True,32,1500
852,26-5-08,3,Milo Brown,Nathan Cormier,0.0,1588.425410077033,1521.7865331990129,1569.3936628797685,1540.8182803962773,True,True,32,1500
853,26-5-08,4,Amy Altman,Bradley Skubic,1.0,1604.0880519936327,1644.4726615253167,1621.9395012647717,1626.6212122541776,True,True,32,1500
854,26-5-08,4,Anthony Wilkinson,Chris Hirt,0.0,1621.1158564858895,1500.0,1599.7537303075133,,True,False,32,1500
855,26-5-08,4,Becca Blackwood,Nathan Choi,1.0,1531.8538342554666,1595.7614293525996,1550.76413892554,1576.8511246825262,True,True,32,1500
856,26-5-08,4,Daniel Hernandez,Phil iwanow,0.0,1343.9593116075828,1415.4938949042737,1331.2078264798026,1428.2453800320538,True,True,32,1500
857,26-5-08,4,Isharah Considine,Robert Scannevin,1.0,1518.5441154158063,1512.7643832909318,1534.2779734651276,1497.0305252416106,True,True,32,1500
858,26-5-08,4,Jack Henry,Jarrod Haase,0.0,1440.8314973664053,1365.9909338966122,1421.4372982243808,1385.3851330386367,True,True,32,1500
859,26-5-08,4,Jonathon Torchia,Winston Wong,1.0,1500.0,1500.553574800353,,1484.5280817602627,False,True,32,1500
860,26-5-08,4,Josh Kibbe,Milo Brown,0.0,1500.0,1569.3936628797685,,1582.239794041433,False,True,32,1500
861,26-5-08,4,Mike Adams,Mike Laing,1.0,1522.2183898668545,1535.5016501447042,1538.8298087325418,1518.890231279017,True,True,32,1500
862,26-5-08,4,Nathan Cormier,Ran Guo,0.0,1540.8182803962773,1613.6720207976214,1528.1249953362203,1626.3653058576783,True,True,32,1500
863,26-5-08,5,Becca Blackwood,Phil iwanow,0.5,1550.76413892554,1428.2453800320538,1545.3447406835162,1433.6647782740777,True,True,32,1500
864,26-5-08,5,Bradley Skubic,Mike Laing,1.0,1626.6212122541776,1518.890231279017,1637.813131572427,1507.6983119607676,True,True,32,1500
865,26-5-08,5,Daniel Hernandez,Jarrod Haase,0.0,1331.2078264798026,1385.3851330386367,1317.6827562342155,1398.9102032842238,True,True,32,1500
866,26-5-08,5,Devon O’Donnell,Nathan Cormier,1.0,1500.0,1528.1249953362203,,1510.832613172144,False,True,32,1500
867,26-5-08,5,Jack Henry,Winston Wong,0.0,1421.4372982243808,1484.5280817602627,1408.3112163666306,1497.654163618013,True,True,32,1500
868,26-5-08,5,Jonathon Torchia,Milo Brown,0.0,1500.0,1582.239794041433,,1594.521694436814,False,True,32,1500
869,26-5-08,5,Sean Marks,Robert Scannevin,1.0,1500.0,1497.0305252416106,,1481.1672712781879,False,True,32,1500
870,26-5-15,1,Anthony Wilkinson,Jason Flynn,1.0,1599.7537303075133,1500.0,1611.282103555064,,True,False,32,1500
871,26-5-15,1,Bradley Skubic,Phil iwanow,0.0,1637.813131572427,1433.6647782740777,1613.3626139329212,1458.1152959135834,True,True,32,1500
872,26-5-15,1,Chris Hirt,Winston Wong,1.0,1500.0,1497.654163618013,,1481.762191734112,False,True,32,1500
873,26-5-15,1,Daniel Hernandez,Reya Truher,0.0,1317.6827562342155,1446.2743981422288,1307.348253949003,1456.6089004274413,True,True,32,1500
874,26-5-15,1,Dylan Shanes,Mike Adams,1.0,1500.0,1538.8298087325418,,1521.0490380651768,False,True,32,1500
875,26-5-15,1,Jarrod Haase,Stan Kornacki,0.0,1398.9102032842238,1583.4186075338318,1390.6892324290616,1591.6395783889943,True,True,32,1500
876,26-5-15,1,Ken Cox,Terry Eleftherakis,1.0,1500.0,1445.1383163535443,,1431.643999330939,False,True,32,1500
877,26-5-15,1,Mike Laing,Sean Marks,1.0,1507.6983119607676,1500.0,1523.3438496000808,,True,False,32,1500
878,26-5-15,1,Nathan Choi,Stella Burfeind,1.0,1576.8511246825262,1499.3004688323358,1589.337936964452,1486.81365655041,True,True,32,1500
879,26-5-15,1,Nathan Cormier,Veronica Kirtley,0.0,1510.832613172144,1496.143479253505,1494.1565563234526,1512.8195361021963,True,True,32,1500
880,26-5-15,2,Amber Cronin,Nathan Choi,0.0,1462.4003720345281,1589.337936964452,1451.9991354467802,1599.7391735521999,True,True,32,1500
881,26-5-15,2,Anthony Wilkinson,Veronica Kirtley,1.0,1611.282103555064,1512.8195361021963,1622.8653495141614,1501.2362901430988,True,True,32,1500
882,26-5-15,2,Bradley Skubic,Jonathon Torchia,1.0,1613.3626139329212,1500.0,1624.319770860098,,True,False,32,1500
883,26-5-15,2,Chris Hirt,Phil iwanow,1.0,1500.0,1458.1152959135834,,1444.0348676202418,False,True,32,1500
884,26-5-15,2,Daniel Hernandez,Jason Flynn,0.0,1307.348253949003,1500.0,1299.410374031754,,True,False,32,1500
885,26-5-15,2,Mike Adams,Sean Marks,0.0,1521.0490380651768,1500.0,1504.080878268115,,True,False,32,1500
886,26-5-15,2,Mike Laing,Stan Kornacki,0.0,1523.3438496000808,1591.6395783889943,1510.4490911542875,1604.5343368347876,True,True,32,1500
887,26-5-15,2,Nathan Cormier,Winston Wong,1.0,1494.1565563234526,1481.762191734112,1509.586016747467,1466.3327313100976,True,True,32,1500
888,26-5-15,2,Philip Petronis,Reya Truher,0.0,1500.0,1456.6089004274413,,1474.5968097219518,False,True,32,1500
889,26-5-15,2,Stella Burfeind,Terry Eleftherakis,1.0,1486.81365655041,1431.643999330939,1500.2941406232405,1418.1635152581086,True,True,32,1500
890,26-5-15,3,Amber Cronin,Bradley Skubic,0.0,1451.9991354467802,1624.319770860098,1443.342314821765,1632.9765914851132,True,True,32,1500
891,26-5-15,3,Anthony Wilkinson,Nathan Choi,0.0,1622.8653495141614,1599.7391735521999,1605.8019198211598,1616.8026032452015,True,True,32,1500
892,26-5-15,3,Chris Hirt,Reya Truher,1.0,1500.0,1474.5968097219518,,1459.7645896293413,False,True,32,1500
893,26-5-15,3,Daniel Hernandez,Jonathon Torchia,0.0,1299.410374031754,1500.0,1291.7420835213402,,True,False,32,1500
894,26-5-15,3,Dylan Shanes,Stan Kornacki,0.0,1500.0,1604.5343368347876,,1615.8605409166887,False,True,32,1500
895,26-5-15,3,Jarrod Haase,Philip Petronis,1.0,1390.6892324290616,1500.0,1411.5634044780568,,True,False,32,1500
896,26-5-15,3,Ken Cox,Stella Burfeind,0.0,1500.0,1500.2941406232405,,1516.2805949501903,False,True,32,1500
897,26-5-15,3,Mike Adams,Terry Eleftherakis,0.0,1504.080878268115,1418.1635152581086,1484.2029649447823,1438.0414285814413,True,True,32,1500
898,26-5-15,3,Mike Laing,Nathan Cormier,1.0,1510.4490911542875,1509.586016747467,1526.4093451907777,1493.625762710977,True,True,32,1500
899,26-5-15,3,Phil iwanow,Veronica Kirtley,1.0,1444.0348676202418,1501.2362901430988,1462.6455446749037,1482.625613088437,True,True,32,1500
900,26-5-15,4,Amber Cronin,Philip Petronis,1.0,1443.342314821765,1500.0,1461.9286122958142,,True,False,32,1500
901,26-5-15,4,Anthony Wilkinson,Bradley Skubic,1.0,1605.8019198211598,1632.9765914851132,1623.05081399805,1615.727697308223,True,True,32,1500
902,26-5-15,4,Jarrod Haase,Jason Flynn,0.0,1411.5634044780568,1500.0,1399.5503241995098,,True,False,32,1500
903,26-5-15,4,Mike Laing,Phil iwanow,1.0,1526.4093451907777,1462.6455446749037,1539.505443896268,1449.5494459694135,True,True,32,1500
904,26-5-15,4,Nathan Choi,Stan Kornacki,1.0,1616.8026032452015,1615.8605409166887,1632.759219778035,1599.9039243838552,True,True,32,1500
905,26-5-15,4,Nathan Cormier,Sean Marks,1.0,1493.625762710977,1500.0,1509.919274255413,,True,False,32,1500
906,26-5-15,4,Reya Truher,Stella Burfeind,1.0,1459.7645896293413,1516.2805949501903,1478.3445325652813,1497.7006520142504,True,True,32,1500
907,26-5-15,4,Terry Eleftherakis,Veronica Kirtley,0.0,1438.0414285814413,1482.625613088437,1424.0834100399122,1496.583631629966,True,True,32,1500
908,26-5-15,5,Amber Cronin,Jarrod Haase,1.0,1461.9286122958142,1399.5503241995098,1475.0864588256825,1386.3924776696415,True,True,32,1500
909,26-5-15,5,Bradley Skubic,Veronica Kirtley,0.0,1615.727697308223,1496.583631629966,1594.4463295840087,1517.8649993541803,True,True,32,1500
910,26-5-15,5,Dylan Shanes,Stella Burfeind,1.0,1500.0,1497.7006520142504,,1481.806539356259,False,True,32,1500
911,26-5-15,5,Jason Flynn,Phil iwanow,0.0,1500.0,1449.5494459694135,,1467.8565868743447,False,True,32,1500
912,26-5-15,5,Ken Cox,Nathan Cormier,1.0,1500.0,1509.919274255413,,1493.4625988667851,False,True,32,1500
913,26-5-15,5,Mike Laing,Reya Truher,0.0,1539.505443896268,1478.3445325652813,1520.7176172977454,1497.1323591638038,True,True,32,1500
914,26-5-22,1,Amber Cronin,Will Bellows,0.0,1475.0864588256825,1500.0,1460.231807385335,,True,False,32,1500
915,26-5-22,1,Amy Altman,Daniel Berenson,1.0,1621.9395012647717,1500.0,1632.543731733929,,True,False,32,1500
916,26-5-22,1,Anthony Wilkinson,Ian Brungardt,1.0,1623.05081399805,1500.0,1633.6097359985715,,True,False,32,1500
917,26-5-22,1,Autumn Rossa,Veronica Kirtley,0.0,1563.534351744187,1517.8649993541803,1545.4432301716695,1535.9561209266978,True,True,32,1500
918,26-5-22,1,Becca Blackwood,Dani Masom,1.0,1545.3447406835162,1474.851223134582,1558.1422202014423,1462.0537436166558,True,True,32,1500
919,26-5-22,1,Bradley Skubic,Winston Wong,1.0,1594.4463295840087,1466.3327313100976,1604.8000957091979,1455.9789651849085,True,True,32,1500
920,26-5-22,1,Hex Dowd,Roopak Dasararaju,1.0,1517.3354878278521,1500.0,1532.5378209489222,1484.79766687893,True,True,32,1500
921,26-5-22,1,Jason Flynn,Stella Burfeind,0.0,1500.0,1481.806539356259,,1498.6436142093457,False,True,32,1500
922,26-5-22,1,Jonathon Torchia,Nathan Choi,0.0,1500.0,1632.759219778035,,1642.926579829065,False,True,32,1500
923,26-5-22,1,Mike Laing,Ran Guo,1.0,1520.7176172977454,1626.3653058576783,1541.438265944452,1605.6446572109717,True,True,32,1500
924,26-5-22,1,Phil iwanow,Stan Kornacki,0.0,1467.8565868743447,1599.9039243838552,1457.660778789817,1610.0997324683829,True,True,32,1500
925,26-5-22,1,Reya Truher,Tom Kessler,0.0,1497.1323591638038,1500.0,1481.2644159058973,,True,False,32,1500
926,26-5-22,1,Shaun OBrien,Simon Kavanagh,0.0,1500.0,1500.0,,1516.0,False,True,32,1500
927,26-5-22,2,Amber Cronin,Jason Flynn,0.0,1460.231807385335,1500.0,1446.055243992021,,True,False,32,1500
928,26-5-22,2,Amy Altman,Hex Dowd,1.0,1632.543731733929,1532.5378209489222,1644.061400900158,1521.0201517826931,True,True,32,1500
929,26-5-22,2,Anthony Wilkinson,Becca Blackwood,0.0,1633.6097359985715,1558.1422202014423,1614.1879745320693,1577.5639816679445,True,True,32,1500
930,26-5-22,2,Autumn Rossa,Daniel Berenson,0.0,1545.4432301716695,1500.0,1527.3623449094232,,True,False,32,1500
931,26-5-22,2,Bradley Skubic,Simon Kavanagh,1.0,1604.8000957091979,1516.0,1616.7974796896003,1504.0026160195976,True,True,32,1500
932,26-5-22,2,Dani Masom,Jonathon Torchia,0.0,1462.0537436166558,1500.0,1447.7943179314032,,True,False,32,1500
933,26-5-22,2,Ian Brungardt,Nathan Choi,0.0,1500.0,1642.926579829065,,1652.692336588903,False,True,32,1500
934,26-5-22,2,Mike Laing,Tom Kessler,0.0,1541.438265944452,1500.0,1523.538960666187,,True,False,32,1500
935,26-5-22,2,Phil iwanow,Ran Guo,0.0,1457.660778789817,1605.6446572109717,1448.091433059642,1615.2140029411466,True,True,32,1500
936,26-5-22,2,Reya Truher,Shaun OBrien,1.0,1481.2644159058973,1500.0,1498.1263860806787,,True,False,32,1500
937,26-5-22,2,Roopak Dasararaju,Winston Wong,0.0,1484.79766687893,1455.9789651849085,1467.4735519478957,1473.3030801159427,True,True,32,1500
938,26-5-22,2,Stan Kornacki,Stella Burfeind,0.0,1610.0997324683829,1498.6436142093457,1589.1361014415813,1519.6072452361473,True,True,32,1500
939,26-5-22,2,Veronica Kirtley,Will Bellows,1.0,1535.9561209266978,1500.0,1550.3061666041563,,True,False,32,1500
940,26-5-22,3,Amber Cronin,Dani Masom,0.0,1446.055243992021,1447.7943179314032,1430.1353306377443,1463.7142312856797,True,True,32,1500
941,26-5-22,3,Amy Altman,Tom Kessler,1.0,1644.061400900158,1500.0,1653.7828878702267,,True,False,32,1500
942,26-5-22,3,Anthony Wilkinson,Ran Guo,1.0,1614.1879745320693,1615.2140029411466,1630.2352247491065,1599.1667527241095,True,True,32,1500
943,26-5-22,3,Autumn Rossa,Simon Kavanagh,0.0,1527.3623449094232,1504.0026160195976,1510.2882076992078,1521.076753229813,True,True,32,1500
944,26-5-22,3,Becca Blackwood,Nathan Choi,1.0,1577.5639816679445,1652.692336588903,1596.9708354412048,1633.2854828156426,True,True,32,1500
945,26-5-22,3,Bradley Skubic,Stella Burfeind,0.0,1616.7974796896003,1519.6072452361473,1596.4349083675693,1539.9698165581783,True,True,32,1500
946,26-5-22,3,Hex Dowd,Reya Truher,0.0,1521.0201517826931,1498.1263860806787,1503.967378169751,1515.1791596936207,True,True,32,1500
947,26-5-22,3,Ian Brungardt,Phil iwanow,1.0,1500.0,1448.091433059642,,1434.4642816975074,False,True,32,1500
948,26-5-22,3,Jonathon Torchia,Veronica Kirtley,1.0,1500.0,1550.3061666041563,,1532.0055371199708,False,True,32,1500
949,26-5-22,3,Mike Laing,Winston Wong,1.0,1523.538960666187,1473.3030801159427,1537.2415011446706,1459.6005396374592,True,True,32,1500
950,26-5-22,3,Roopak Dasararaju,Shaun OBrien,1.0,1467.4735519478957,1500.0,1484.967089438468,,True,False,32,1500
951,26-5-22,3,Stan Kornacki,Will Bellows,0.0,1589.1361014415813,1500.0,1569.118983666788,,True,False,32,1500
952,26-5-22,4,Amy Altman,Becca Blackwood,1.0,1653.7828878702267,1596.9708354412048,1667.1896677645022,1583.5640555469292,True,True,32,1500
953,26-5-22,4,Anthony Wilkinson,Jonathon Torchia,0.0,1630.2352247491065,1500.0,1608.5036386019617,,True,False,32,1500
954,26-5-22,4,Bradley Skubic,Veronica Kirtley,0.0,1596.4349083675693,1532.0055371199708,1577.501376379679,1550.939069107861,True,True,32,1500
955,26-5-22,4,Dani Masom,Stan Kornacki,1.0,1463.7142312856797,1569.118983666788,1484.424664072673,1548.4085508797946,True,True,32,1500
956,26-5-22,4,Daniel Berenson,Stella Burfeind,1.0,1500.0,1539.9698165581783,,1522.137216027814,False,True,32,1500
957,26-5-22,4,Hex Dowd,Ran Guo,1.0,1503.967378169751,1599.1667527241095,1524.2449511652533,1578.8891797286074,True,True,32,1500
958,26-5-22,4,Ian Brungardt,Roopak Dasararaju,1.0,1500.0,1484.967089438468,,1469.658948855815,False,True,32,1500
959,26-5-22,4,Mike Laing,Will Bellows,1.0,1537.2415011446706,1500.0,1551.5330049560184,,True,False,32,1500
960,26-5-22,4,Nathan Choi,Reya Truher,1.0,1633.2854828156426,1515.1791596936207,1644.0467397930506,1504.4179027162127,True,True,32,1500
961,26-5-22,4,Simon Kavanagh,Tom Kessler,0.0,1521.076753229813,1500.0,1504.1073217816245,,True,False,32,1500
962,26-5-22,5,Anthony Wilkinson,Bradley Skubic,0.0,1608.5036386019617,1577.501376379679,1591.0797089091814,1594.9253060724593,True,True,32,1500
963,26-5-22,5,Dani Masom,Simon Kavanagh,1.0,1484.424664072673,1504.1073217816245,1501.3301155235922,1487.2018703307053,True,True,32,1500
964,26-5-22,5,Daniel Berenson,Nathan Choi,0.0,1500.0,1644.0467397930506,,1653.7687979767677,False,True,32,1500
965,26-5-22,5,Hex Dowd,Will Bellows,0.0,1524.2449511652533,1500.0,1507.130238719783,,True,False,32,1500
966,26-5-22,5,Mike Laing,Veronica Kirtley,0.0,1551.5330049560184,1550.939069107861,1535.505653226059,1566.9664208378206,True,True,32,1500
967,26-5-22,5,Ran Guo,Roopak Dasararaju,1.0,1578.8891797286074,1469.658948855815,1590.0183725767995,1458.5297560076228,True,True,32,1500
968,26-5-22,5,Reya Truher,Stella Burfeind,0.0,1504.4179027162127,1522.137216027814,1489.233200501508,1537.3219182425187,True,True,32,1500
969,26-5-29,1,Chris Hirt,Jack Henry,1.0,1500.0,1408.3112163666306,,1396.4382744910797,False,True,32,1500
970,26-5-29,1,Dylan Shanes,Mike Laing,0.0,1500.0,1535.505653226059,,1549.8762258368595,False,True,32,1500
971,26-5-29,1,Jarrod Haase,Jonathon Torchia,0.0,1386.3924776696415,1500.0,1375.4454765659823,,True,False,32,1500
972,26-5-29,1,Mike Adams,Nathan Cormier,1.0,1484.2029649447823,1493.4625988667851,1500.6292859123203,1477.0362778992471,True,True,32,1500
973,26-5-29,1,Milo Brown,Will Bellows,1.0,1594.521694436814,1500.0,1606.2731142274781,,True,False,32,1500
974,26-5-29,2,Chris Hirt,Milo Brown,0.0,1500.0,1606.2731142274781,,1617.5261848264367,False,True,32,1500
975,26-5-29,2,Dylan Shanes,Nathan Cormier,1.0,1500.0,1477.0362778992471,,1462.0922591331498,False,True,32,1500
976,26-5-29,2,Jarrod Haase,Sean Marks,0.0,1375.4454765659823,1500.0,1364.9477042754347,,True,False,32,1500
977,26-5-29,2,Jonathon Torchia,Mike Adams,0.0,1500.0,1500.6292859123203,,1516.6003062567913,False,True,32,1500
978,26-5-29,2,Mike Laing,Tom Kessler,1.0,1549.8762258368595,1500.0,1563.5949899354296,,True,False,32,1500
979,26-5-29,3,Ian Brungardt,Nathan Cormier,0.0,1500.0,1462.0922591331498,,1479.8310807123682,False,True,32,1500
980,26-5-29,3,Jack Henry,Jonathon Torchia,0.0,1396.4382744910797,1500.0,1385.071068526502,,True,False,32,1500
981,26-5-29,3,Mike Adams,Sean Marks,1.0,1516.6003062567913,1500.0,1531.8364151051298,,True,False,32,1500
982,26-5-29,3,Mike Laing,Milo Brown,1.0,1563.5949899354296,1617.5261848264367,1582.0588558020052,1599.0623189598612,True,True,32,1500
983,26-5-29,4,Dylan Shanes,Milo Brown,0.0,1500.0,1599.0623189598612,,1610.620062186749,False,True,32,1500
984,26-5-29,4,Jack Henry,Nathan Cormier,0.0,1385.071068526502,1479.8310807123682,1373.3298479770103,1491.5723012618598,True,True,32,1500
985,26-5-29,4,Jarrod Haase,Will Bellows,0.0,1364.9477042754347,1500.0,1354.871690044799,,True,False,32,1500
986,26-5-29,4,Mike Adams,Mike Laing,0.0,1531.8364151051298,1582.0588558020052,1518.1332684564907,1595.7620024506443,True,True,32,1500
987,26-6-05,1,Alexandra Polinsky,Amy Altman,0.0,1500.0,1667.1896677645022,,1676.0342666101205,False,True,32,1500
988,26-6-05,1,Amber Cronin,Josh Kibbe,1.0,1430.1353306377443,1500.0,1449.310041752908,,True,False,32,1500
989,26-6-05,1,Anna Murphy,Isharah Considine,1.0,1500.0,1534.2779734651276,,1516.7045163711425,False,True,32,1500
990,26-6-05,1,Anthony Wilkinson,Devon O’Donnell,0.0,1591.0797089091814,1500.0,1570.9788453333942,,True,False,32,1500
991,26-6-05,1,Autumn Rossa,Jack Henry,0.0,1510.2882076992078,1373.3298479770103,1488.2886316628176,1395.3294240134005,True,True,32,1500
992,26-6-05,1,Bradley Skubic,Clifford Macdonald,1.0,1594.9253060724593,1500.0,1606.6594547562006,,True,False,32,1500
993,26-6-05,1,Brian Kennes,Milo Brown,0.0,1500.0,1610.620062186749,,1621.6912534504659,False,True,32,1500
994,26-6-05,1,Dani Masom,Winston Wong,0.0,1501.3301155235922,1459.6005396374592,1483.4175852847652,1477.5130698762862,True,True,32,1500
995,26-6-05,1,David Van Hise,Mike Adams,1.0,1634.2053987756378,1518.1332684564907,1645.0504507366013,1507.2882164955272,True,True,32,1500
996,26-6-05,1,Evan Hamlin,Stella Burfeind,0.0,1500.0,1537.3219182425187,,1551.6097610264153,False,True,32,1500
997,26-6-05,1,Hex Dowd,Mike Laing,1.0,1507.130238719783,1595.7620024506443,1527.1255870173095,1575.7666541531178,True,True,32,1500
998,26-6-05,1,Kenton Najdzien,Kevin Petriello,1.0,1625.5202547730892,1500.0,1635.9788504765681,,True,False,32,1500
999,26-6-05,1,Nathan Choi,Stan Kornacki,1.0,1653.7687979767677,1548.4085508797946,1665.0602371651905,1537.1171116913717,True,True,32,1500
1000,26-6-05,1,Phil iwanow,Philip Petronis,1.0,1434.4642816975074,1500.0,1453.447021264851,,True,False,32,1500
1001,26-6-05,1,Ryan MacDonald,Will Bellows,1.0,1507.7921521365483,1500.0,1523.4333704229857,,True,False,32,1500
1002,26-6-05,1,Timofey Tylik,Vina Macias,1.0,1507.750489052538,1500.0,1523.3936250352897,,True,False,32,1500
1003,26-6-05,2,Amber Cronin,Tom Kessler,1.0,1449.310041752908,1500.0,1467.6279773176288,,True,False,32,1500
1004,26-6-05,2,Amy Altman,David Van Hise,0.0,1676.0342666101205,1645.0504507366013,1658.6111796789628,1662.473537667759,True,True,32,1500
1005,26-6-05,2,Anna Murphy,Bradley Skubic,1.0,1500.0,1606.6594547562006,,1585.8963051093913,False,True,32,1500
1006,26-6-05,2,Anthony Wilkinson,Stan Kornacki,1.0,1570.9788453333942,1537.1171116913717,1585.4243736409342,1522.6715833838318,True,True,32,1500
1007,26-6-05,2,Autumn Rossa,Dani Masom,1.0,1488.2886316628176,1483.4175852847652,1504.064326383586,1467.6418905639969,True,True,32,1500
1008,26-6-05,2,Chris Hirt,Mike Adams,1.0,1500.0,1507.2882164955272,,1490.9526309448308,False,True,32,1500
1009,26-6-05,2,Hex Dowd,Jonathon Torchia,1.0,1527.1255870173095,1500.0,1541.8789395245133,,True,False,32,1500
1010,26-6-05,2,Isharah Considine,Ken Cox,1.0,1516.7045163711425,1500.0,1531.9358371740966,,True,False,32,1500
1011,26-6-05,2,Jack Henry,Stella Burfeind,1.0,1395.3294240134005,1551.6097610264153,1418.0773217454746,1528.8618632943412,True,True,32,1500
1012,26-6-05,2,Josh Kibbe,Phil iwanow,0.0,1500.0,1453.447021264851,,1471.5781268806559,False,True,32,1500
1013,26-6-05,2,Kenton Najdzien,Ryan MacDonald,1.0,1635.9788504765681,1523.4333704229857,1646.9699247980518,1512.442296101502,True,True,32,1500
1014,26-6-05,2,Mike Laing,Vina Macias,1.0,1575.7666541531178,1500.0,1588.3317493328716,,True,False,32,1500
1015,26-6-05,2,Milo Brown,Nathan Choi,1.0,1621.6912534504659,1665.0602371651905,1639.6781599859692,1647.0733306296872,True,True,32,1500
1016,26-6-05,2,Timofey Tylik,Winston Wong,1.0,1523.3936250352897,1477.5130698762862,1537.2929441125282,1463.6137507990477,True,True,32,1500
1017,26-6-05,3,Amber Cronin,Dylan Shanes,0.0,1467.6279773176288,1500.0,1453.114464931533,,True,False,32,1500
1018,26-6-05,3,Amy Altman,Isharah Considine,1.0,1658.6111796789628,1531.9358371740966,1669.0230162221726,1521.5240006308868,True,True,32,1500
1019,26-6-05,3,Anna Murphy,David Van Hise,0.0,1500.0,1662.473537667759,,1671.4929357513154,False,True,32,1500
1020,26-6-05,3,Anthony Wilkinson,Will Bellows,0.0,1585.4243736409342,1500.0,1565.567837011672,,True,False,32,1500
1021,26-6-05,3,Autumn Rossa,Winston Wong,1.0,1504.064326383586,1463.6137507990477,1518.2098800064193,1449.4681971762143,True,True,32,1500
1022,26-6-05,3,Bradley Skubic,Philip Petronis,0.0,1585.8963051093913,1500.0,1566.019304585462,,True,False,32,1500
1023,26-6-05,3,Dani Masom,Mike Adams,1.0,1467.6418905639969,1490.9526309448308,1484.7137819163813,1473.8807395924464,True,True,32,1500
1024,26-6-05,3,Devon O’Donnell,Mike Laing,0.0,1500.0,1588.3317493328716,,1600.3493584960877,False,True,32,1500
1025,26-6-05,3,Hex Dowd,Milo Brown,0.0,1541.8789395245133,1639.6781599859692,1530.2674582993768,1651.2896412111056,True,True,32,1500
1026,26-6-05,3,Jack Henry,Kenton Najdzien,1.0,1418.0773217454746,1646.9699247980518,1443.3184125531882,1621.7288339903382,True,True,32,1500
1027,26-6-05,3,Jonathon Torchia,Nathan Choi,0.0,1500.0,1647.0733306296872,,1656.6778720391485,False,True,32,1500
1028,26-6-05,3,Ken Cox,Stan Kornacki,0.0,1500.0,1522.6715833838318,,1537.6289977739525,False,True,32,1500
1029,26-6-05,3,Phil iwanow,Timofey Tylik,0.0,1471.5781268806559,1537.2929441125282,1458.568826857709,1550.3022441354751,True,True,32,1500
1030,26-6-05,3,Ryan MacDonald,Stella Burfeind,1.0,1512.442296101502,1528.8618632943412,1529.1978826785005,1512.1062767173428,True,True,32,1500
1031,26-6-05,4,Amber Cronin,Chris Hirt,0.0,1453.114464931533,1500.0,1439.2606117157338,,True,False,32,1500
1032,26-6-05,4,Amy Altman,Will Bellows,0.0,1669.0230162221726,1500.0,1645.8002315777194,,True,False,32,1500
1033,26-6-05,4,Anna Murphy,Ryan MacDonald,1.0,1500.0,1529.1978826785005,,1511.8564269833137,False,True,32,1500
1034,26-6-05,4,Anthony Wilkinson,Stella Burfeind,1.0,1565.567837011672,1512.1062767173428,1579.125090139353,1498.5490235896618,True,True,32,1500
1035,26-6-05,4,Autumn Rossa,Brian Kennes,1.0,1518.2098800064193,1500.0,1533.3720510852227,,True,False,32,1500
1036,26-6-05,4,Bradley Skubic,Vina Macias,0.0,1566.019304585462,1500.0,1547.0150745823653,,True,False,32,1500
1037,26-6-05,4,Dani Masom,Evan Hamlin,0.0,1484.7137819163813,1500.0,1469.4172843953895,,True,False,32,1500
1038,26-6-05,4,David Van Hise,Jack Henry,1.0,1671.4929357513154,1443.3184125531882,1678.273908794218,1436.5374395102856,True,True,32,1500
1039,26-6-05,4,Dylan Shanes,Milo Brown,0.0,1500.0,1651.2896412111056,,1660.7318326836341,False,True,32,1500
1040,26-6-05,4,Hex Dowd,Nathan Choi,0.0,1530.2674582993768,1656.6778720391485,1519.8449067243273,1667.100423614198,True,True,32,1500
1041,26-6-05,4,Isharah Considine,Jonathon Torchia,1.0,1521.5240006308868,1500.0,1536.5340499019585,,True,False,32,1500
1042,26-6-05,4,Kenton Najdzien,Stan Kornacki,0.0,1621.7288339903382,1537.6289977739525,1601.929803362553,1557.4280284017377,True,True,32,1500
1043,26-6-05,4,Mike Laing,Phil iwanow,1.0,1600.3493584960877,1458.568826857709,1610.1599375230196,1448.758247830777,True,True,32,1500
1044,26-6-05,4,Philip Petronis,Timofey Tylik,0.0,1500.0,1550.3022441354751,,1564.0017915532105,False,True,32,1500
1045,26-6-05,5,Amber Cronin,Devon O’Donnell,1.0,1439.2606117157338,1500.0,1458.0296118200217,,True,False,32,1500
1046,26-6-05,5,Amy Altman,Kenton Najdzien,1.0,1645.8002315777194,1601.929803362553,1659.7905928690352,1587.9394420712372,True,True,32,1500
1047,26-6-05,5,Anthony Wilkinson,Evan Hamlin,0.0,1579.125090139353,1500.0,1559.5429618024316,,True,False,32,1500
1048,26-6-05,5,Autumn Rossa,Dylan Shanes,0.0,1533.3720510852227,1500.0,1515.839920296208,,True,False,32,1500
1049,26-6-05,5,Brian Kennes,Jack Henry,1.0,1500.0,1436.5374395102856,,1423.427923044952,False,True,32,1500
1050,26-6-05,5,Hex Dowd,Philip Petronis,0.0,1519.8449067243273,1500.0,1502.9320075561357,,True,False,32,1500
1051,26-6-05,5,Isharah Considine,Phil iwanow,0.0,1536.5340499019585,1448.758247830777,1516.5756848438325,1468.716612888903,True,True,32,1500
1052,26-6-05,5,Mike Laing,Nathan Choi,1.0,1610.1599375230196,1667.100423614198,1628.758916503533,1648.5014446336845,True,True,32,1500
1053,26-6-05,5,Ryan MacDonald,Stan Kornacki,0.0,1511.8564269833137,1557.4280284017377,1497.943123687386,1571.3413316976653,True,True,32,1500
1054,26-6-12,1,Anthony Wilkinson,Mike Laing,1.0,1559.5429618024316,1628.758916503533,1578.6889640646937,1609.612914241271,True,True,32,1500
1055,26-6-12,1,Bradley Skubic,Roopak Dasararaju,0.0,1547.0150745823653,1458.5297560076228,1527.0260504755154,1478.5187801144727,True,True,32,1500
1056,26-6-12,1,Devon O’Donnell,Kenton Najdzien,0.0,1500.0,1587.9394420712372,,1599.9740031773126,False,True,32,1500
1057,26-6-12,1,Ian Brungardt,Jack Henry,0.0,1500.0,1423.427923044952,,1442.8981918324541,False,True,32,1500
1058,26-6-12,1,Isharah Considine,Nathan Cormier,0.0,1516.5756848438325,1491.5723012618598,1499.4262201659903,1508.721765939702,True,True,32,1500
1059,26-6-12,1,Jarrod Haase,Tom Kessler,0.0,1354.871690044799,1500.0,1345.1917202351829,,True,False,32,1500
1060,26-6-12,1,Josh Kibbe,Ryan MacDonald,0.0,1500.0,1497.943123687386,,1514.037845235488,False,True,32,1500
1061,26-6-12,1,Mike Adams,Milo Brown,0.0,1473.8807395924464,1660.7318326836341,1465.741881296164,1668.8706909799166,True,True,32,1500
1062,26-6-12,1,Nathan Choi,Phil iwanow,1.0,1648.5014446336845,1468.716612888903,1656.8896195476552,1460.3284379749323,True,True,32,1500
1063,26-6-12,1,Sam Feeley,Sean Marks,0.0,1504.209517245124,1500.0,1488.0156712971932,,True,False,32,1500
1064,26-6-12,2,Anthony Wilkinson,Nathan Cormier,0.0,1578.6889640646937,1508.721765939702,1559.509717482858,1527.9010125215377,True,True,32,1500
1065,26-6-12,2,Bradley Skubic,Will Bellows,1.0,1527.0260504755154,1500.0,1541.783959083852,,True,False,32,1500
1066,26-6-12,2,Devon O’Donnell,Phil iwanow,1.0,1500.0,1460.3284379749323,,1446.1474822359264,False,True,32,1500
1067,26-6-12,2,Isharah Considine,Jarrod Haase,1.0,1499.4262201659903,1345.1917202351829,1508.7559709731388,1335.8619694280344,True,True,32,1500
1068,26-6-12,2,Jack Henry,Roopak Dasararaju,0.0,1442.8981918324541,1478.5187801144727,1428.532857105505,1492.884114841422,True,True,32,1500
1069,26-6-12,2,Josh Kibbe,Sam Feeley,0.0,1500.0,1488.0156712971932,,1504.5673512482404,False,True,32,1500
1070,26-6-12,2,Kenton Najdzien,Milo Brown,0.0,1599.9740031773126,1668.8706909799166,1587.1058685361184,1681.738825621111,True,True,32,1500
1071,26-6-12,2,Mike Adams,Mike Laing,0.0,1465.741881296164,1609.612914241271,1456.0129758994517,1619.3418196379832,True,True,32,1500
1072,26-6-12,2,Nathan Choi,Viet Ta,1.0,1656.8896195476552,1500.0,1666.1186710893674,,True,False,32,1500
1073,26-6-12,2,Ran Guo,Ryan MacDonald,1.0,1590.0183725767995,1514.037845235488,1602.574073707601,1501.4821441046865,True,True,32,1500
1074,26-6-12,3,Anthony Wilkinson,Bradley Skubic,0.0,1559.509717482858,1541.783959083852,1542.6941236612663,1558.5995529054437,True,True,32,1500
1075,26-6-12,3,Devon O’Donnell,Mike Laing,0.0,1500.0,1619.3418196379832,,1630.0523387885048,False,True,32,1500
1076,26-6-12,3,Isharah Considine,Kenton Najdzien,1.0,1508.7559709731388,1587.1058685361184,1528.3041728413702,1567.557666667887,True,True,32,1500
1077,26-6-12,3,Jack Henry,Ryan MacDonald,0.0,1428.532857105505,1501.4821441046865,1415.8437839514547,1514.1712172587368,True,True,32,1500
1078,26-6-12,3,Jarrod Haase,Sam Feeley,0.0,1335.8619694280344,1504.5673512482404,1327.0731025292237,1513.356218147051,True,True,32,1500
1079,26-6-12,3,Josh Kibbe,Mike Adams,0.0,1500.0,1456.0129758994517,,1474.027899116047,False,True,32,1500
1080,26-6-12,3,Milo Brown,Nathan Choi,0.0,1681.738825621111,1666.1186710893674,1665.0199751840964,1682.8375215263818,True,True,32,1500
1081,26-6-12,3,Nathan Cormier,Tom Kessler,1.0,1527.9010125215377,1500.0,1542.6188783814625,,True,False,32,1500
1082,26-6-12,3,Ran Guo,Roopak Dasararaju,0.0,1602.574073707601,1492.884114841422,1581.6840650882637,1513.7741234607593,True,True,32,1500
1083,26-6-12,4,Anthony Wilkinson,Josh Kibbe,1.0,1542.6941236612663,1500.0,1556.7378236604202,,True,False,32,1500
1084,26-6-12,4,Bradley Skubic,Sam Feeley,1.0,1558.5995529054437,1513.356218147051,1572.5277181375834,1499.4280529149114,True,True,32,1500
1085,26-6-12,4,Devon O’Donnell,Mike Adams,1.0,1500.0,1474.027899116047,,1459.2217356242195,False,True,32,1500
1086,26-6-12,4,Ian Brungardt,Kenton Najdzien,0.0,1500.0,1567.557666667887,,1580.485147337813,False,True,32,1500
1087,26-6-12,4,Isharah Considine,Nathan Choi,1.0,1528.3041728413702,1682.8375215263818,1550.985788558756,1660.155905808996,True,True,32,1500
1088,26-6-12,4,Jack Henry,Will Bellows,1.0,1415.8437839514547,1500.0,1435.6452644942872,,True,False,32,1500
1089,26-6-12,4,Mike Laing,Tom Kessler,1.0,1630.0523387885048,1500.0,1640.3280954589036,,True,False,32,1500
1090,26-6-12,4,Milo Brown,Ran Guo,1.0,1665.0199751840964,1581.6840650882637,1677.254158575714,1569.4498816966461,True,True,32,1500
1091,26-6-12,4,Nathan Cormier,Roopak Dasararaju,1.0,1542.6188783814625,1513.7741234607593,1557.293571879498,1499.099429962724,True,True,32,1500
1092,26-6-12,4,Phil iwanow,Sean Marks,0.0,1446.1474822359264,1500.0,1432.6078106824405,,True,False,32,1500
1093,26-6-12,4,Ryan MacDonald,Viet Ta,0.0,1514.1712172587368,1500.0,1497.5189702531363,,True,False,32,1500
1094,26-6-12,5,Anthony Wilkinson,Ran Guo,1.0,1556.7378236604202,1569.4498816966461,1573.322974476707,1552.8647308803593,True,True,32,1500
1095,26-6-12,5,Devon O’Donnell,Jack Henry,1.0,1500.0,1435.6452644942872,,1422.5754747889632,False,True,32,1500
1096,26-6-12,5,Jarrod Haase,Josh Kibbe,0.0,1327.0731025292237,1500.0,1318.4383028733776,,True,False,32,1500
1097,26-6-12,5,Kenton Najdzien,Ryan MacDonald,0.0,1580.485147337813,1497.5189702531363,1560.7354183687683,1517.268699222181,True,True,32,1500
1098,26-6-12,5,Mike Adams,Sean Marks,0.0,1459.2217356242195,1500.0,1445.091068276531,,True,False,32,1500
1099,26-6-12,5,Mike Laing,Viet Ta,1.0,1640.3280954589036,1500.0,1650.1956441612933,,True,False,32,1500
1100,26-6-12,5,Nathan Choi,Nathan Cormier,1.0,1660.155905808996,1557.293571879498,1671.552636814807,1545.8968408736869,True,True,32,1500
1101,26-6-12,5,Phil iwanow,Sam Feeley,1.0,1432.6078106824405,1499.4280529149114,1451.6476093868314,1480.3882542105205,True,True,32,1500
1102,26-6-14_RCQ,1,Amber Cronin,Chester Li,0.0,1458.0296118200217,1500.0,1443.9530725142774,,True,False,32,1500
1103,26-6-14_RCQ,1,Andrew Gallien,Ken Cox,1.0,1500.0,1500.0,1516.0,,True,False,32,1500
1104,26-6-14_RCQ,1,Anthony Wilkinson,Late Registration,0.0,1573.322974476707,1500.0,1553.9955792664207,,True,False,32,1500
1105,26-6-14_RCQ,1,Beau Berger,Ran Guo,0.0,1500.0,1552.8647308803593,,1566.4488353956885,False,True,32,1500
1106,26-6-14_RCQ,1,Dylan Shanes,Phil iwanow,1.0,1500.0,1451.6476093868314,,1437.8600540468246,False,True,32,1500
1107,26-6-14_RCQ,1,Ford DelVecchio,Logan Hesch,0.0,1500.0,1561.1953411095087,,1574.4059771238033,False,True,32,1500
1108,26-6-14_RCQ,1,Hex Dowd,Milo Brown,0.0,1502.9320075561357,1677.254158575714,1494.347752667745,1685.8384134641046,True,True,32,1500
1109,26-6-14_RCQ,1,Jack Henry,Sam White,0.0,1422.5754747889632,1500.0,1410.0831335817413,,True,False,32,1500
1110,26-6-14_RCQ,1,Jarrod Haase,K De,0.0,1318.4383028733776,1500.0,1310.113281562226,,True,False,32,1500
1111,26-6-14_RCQ,1,Michael Stopa,Taylor Pratt,1.0,1500.0,1559.7092071589107,,1540.9862512355066,False,True,32,1500
1112,26-6-14_RCQ,1,Nathan Choi,Sean Marks,0.0,1671.552636814807,1500.0,1648.2374037630696,,True,False,32,1500
1113,26-6-14_RCQ,1,Nathan Cormier,Ryan MacDonald,1.0,1545.8968408736869,1517.268699222181,1560.5814418496605,1502.5840982462075,True,True,32,1500
1114,26-6-14_RCQ,1,Patrick Brooks,Timofey Tylik,1.0,1444.726043321935,1564.0017915532105,1466.0128138414607,1542.715021033685,True,True,32,1500
1115,26-6-14_RCQ,2,Amber Cronin,Phil iwanow,0.0,1443.9530725142774,1437.8600540468246,1427.6725074064414,1454.1406191546607,True,True,32,1500
1116,26-6-14_RCQ,2,Andrew Gallien,Chris Hirt,0.0,1516.0,1500.0,1499.263693206478,,True,False,32,1500
1117,26-6-14_RCQ,2,Anthony Wilkinson,Nathan Choi,0.0,1553.9955792664207,1648.2374037630696,1542.2321771891902,1660.0008058403,True,True,32,1500
1118,26-6-14_RCQ,2,Beau Berger,Ryan MacDonald,0.0,1500.0,1502.5840982462075,,1518.465098318483,False,True,32,1500
1119,26-6-14_RCQ,2,Chester Li,Milo Brown,0.0,1500.0,1685.8384134641046,,1694.012700332738,False,True,32,1500
1120,26-6-14_RCQ,2,Ford DelVecchio,Jarrod Haase,1.0,1500.0,1310.113281562226,,1302.0800167813034,False,True,32,1500
1121,26-6-14_RCQ,2,Hex Dowd,Ken Cox,1.0,1494.347752667745,1500.0,1510.6080253155944,,True,False,32,1500
1122,26-6-14_RCQ,2,Jack Henry,Taylor Pratt,0.0,1410.0831335817413,1540.9862512355066,1399.841511895647,1551.227872921601,True,True,32,1500
1123,26-6-14_RCQ,2,Logan Hesch,Nathan Cormier,1.0,1574.4059771238033,1560.5814418496605,1589.7696695252132,1545.2177494482505,True,True,32,1500
1124,26-6-14_RCQ,2,Neal Jiwnani,Timofey Tylik,1.0,1500.0,1542.715021033685,,1524.757773067183,False,True,32,1500
1125,26-6-14_RCQ,2,Patrick Brooks,Sam White,0.0,1466.0128138414607,1500.0,1451.5730081028958,,True,False,32,1500
1126,26-6-14_RCQ,2,Ran Guo,Sean Marks,0.0,1566.4488353956885,1500.0,1547.4255265813226,,True,False,32,1500
1127,26-6-14_RCQ,3,Amber Cronin,Timofey Tylik,0.0,1427.6725074064414,1524.757773067183,1416.0306037460223,1536.3996767276021,True,True,32,1500
1128,26-6-14_RCQ,3,Andrew Gallien,Nathan Cormier,1.0,1499.263693206478,1545.2177494482505,1517.367700539599,1527.1137421151295,True,True,32,1500
1129,26-6-14_RCQ,3,Anthony Wilkinson,Jack Henry,1.0,1542.2321771891902,1399.841511895647,1552.0188794263613,1390.054809658476,True,True,32,1500
1130,26-6-14_RCQ,3,Brian Kennes,Nathan Choi,1.0,1500.0,1660.0008058403,,1637.1126875742789,False,True,32,1500
1131,26-6-14_RCQ,3,Chester Li,Ryan MacDonald,0.0,1500.0,1518.465098318483,,1533.6155488402376,False,True,32,1500
1132,26-6-14_RCQ,3,Devon O’Donnell,Logan Hesch,1.0,1500.0,1589.7696695252132,,1569.725226599289,False,True,32,1500
1133,26-6-14_RCQ,3,Ford DelVecchio,Taylor Pratt,0.0,1500.0,1551.227872921601,,1564.885690830831,False,True,32,1500
1134,26-6-14_RCQ,3,Hex Dowd,Phil iwanow,1.0,1510.6080253155944,1454.1406191546607,1524.0302623119846,1440.7183821582705,True,True,32,1500
1135,26-6-14_RCQ,3,Jarrod Haase,Ken Cox,0.0,1302.0800167813034,1500.0,1294.3217635334877,,True,False,32,1500
1136,26-6-14_RCQ,3,Milo Brown,Patrick Brooks,0.0,1694.012700332738,1451.5730081028958,1668.3652136293795,1477.2204948062542,True,True,32,1500
1137,26-6-14_RCQ,3,Neal Jiwnani,Ran Guo,1.0,1500.0,1547.4255265813226,,1529.2549647945048,False,True,32,1500
1138,26-6-14_RCQ,4,Amber Cronin,Nathan Choi,0.0,1416.0306037460223,1637.1126875742789,1409.0288814872167,1644.1144098330844,True,True,32,1500
1139,26-6-14_RCQ,4,Andrew Gallien,Ran Guo,0.0,1517.367700539599,1529.2549647945048,1501.914915778968,1544.7077495551357,True,True,32,1500
1140,26-6-14_RCQ,4,Anthony Wilkinson,Ken Cox,0.0,1552.0188794263613,1500.0,1533.6410626750499,,True,False,32,1500
1141,26-6-14_RCQ,4,Brian Kennes,Taylor Pratt,0.0,1500.0,1564.885690830831,,1577.9318558596979,False,True,32,1500
1142,26-6-14_RCQ,4,Dylan Shanes,Hex Dowd,1.0,1500.0,1524.0302623119846,,1506.9253890869954,False,True,32,1500
1143,26-6-14_RCQ,4,Jack Henry,Jarrod Haase,1.0,1390.054809658476,1294.3217635334877,1401.754426171245,1282.6221470207186,True,True,32,1500
1144,26-6-14_RCQ,4,K De,Nathan Cormier,0.0,1500.0,1527.1137421151295,,1541.867636790179,False,True,32,1500
1145,26-6-14_RCQ,4,Logan Hesch,Neal Jiwnani,0.0,1569.725226599289,1500.0,1550.5566847323898,,True,False,32,1500
1146,26-6-14_RCQ,4,Milo Brown,Sean Marks,0.0,1668.3652136293795,1500.0,1645.1665693132927,,True,False,32,1500
1147,26-6-14_RCQ,4,Patrick Brooks,Ryan MacDonald,1.0,1477.2204948062542,1533.6155488402376,1495.7950122478803,1515.0410313986115,True,True,32,1500
1148,26-6-14_RCQ,4,Phil iwanow,Timofey Tylik,0.0,1440.7183821582705,1536.3996767276021,1429.0165544742404,1548.1015044116323,True,True,32,1500
1149,26-6-14_RCQ,5,Amber Cronin,Anthony Wilkinson,1.0,1409.0288814872167,1533.6410626750499,1430.5334502928436,1512.136493869423,True,True,32,1500
1150,26-6-14_RCQ,5,Andrew Gallien,Hex Dowd,1.0,1501.914915778968,1506.9253890869954,1518.1456406072311,1490.6946642587322,True,True,32,1500
1151,26-6-14_RCQ,5,Jack Henry,Phil iwanow,0.0,1401.754426171245,1429.0165544742404,1387.0073232578673,1443.7636573876182,True,True,32,1500
1152,26-6-14_RCQ,5,Nathan Choi,Nathan Cormier,1.0,1644.1144098330844,1541.867636790179,1655.5371552585757,1530.4448913646877,True,True,32,1500
1153,26-6-14_RCQ,5,Ran Guo,Timofey Tylik,1.0,1544.7077495551357,1548.1015044116323,1560.8640327714659,1531.945221195302,True,True,32,1500
1154,26-6-26,1,Alex Parker,Stella Burfeind,1.0,1500.0,1498.5490235896618,,1482.6158431342496,False,True,32,1500
1155,26-6-26,1,Alexandra Polinsky,Jack Henry,1.0,1500.0,1387.0073232578673,,1376.0348172765973,False,True,32,1500
1156,26-6-26,1,Amber Cronin,Thomas Kotcher,0.0,1430.5334502928436,1500.0,1417.6905451408263,,True,False,32,1500
1157,26-6-26,1,Anthony Wilkinson,Joseph Chung,1.0,1512.136493869423,1405.1318680839074,1523.3588615298154,1393.909500423515,True,True,32,1500
1158,26-6-26,1,Bradley Skubic,Jonathon Torchia,0.5,1572.5277181375834,1500.0,1569.2353785831363,,True,False,32,1500
1159,26-6-26,1,Dani Masom,Mike Laing,1.0,1469.4172843953895,1650.1956441612933,1493.0644596320674,1626.5484689246155,True,True,32,1500
1160,26-6-26,1,David Van Hise,Stan Kornacki,0.0,1678.273908794218,1571.3413316976653,1657.499298766213,1592.1159417256702,True,True,32,1500
1161,26-6-26,1,Devon O’Donnell,Kenton Najdzien,1.0,1500.0,1560.7354183687683,,1541.9665956105807,False,True,32,1500
1162,26-6-26,1,Jackson D’Elia,Nathan Choi,0.0,1500.0,1655.5371552585757,,1664.8174201917966,False,True,32,1500
1163,26-6-26,1,Jarrod Haase,Nathan Cormier,1.0,1282.6221470207186,1530.4448913646877,1308.4259311575522,1504.641107227854,True,True,32,1500
1164,26-6-26,1,Jeremy O'Brien,Winston Wong,1.0,1500.0,1449.4681971762143,,1435.7790018042986,False,True,32,1500
1165,26-6-26,1,John Larochelle,Phil iwanow,0.0,1475.135375939564,1443.7636573876182,1457.6945685129674,1461.2044648142148,True,True,32,1500
1166,26-6-26,1,Ken Cox,Milo Brown,0.0,1500.0,1645.1665693132927,,1654.8450521834486,False,True,32,1500
1167,26-6-26,1,Mike Adams,Timofey Tylik,0.0,1445.091068276531,1531.945221195302,1433.0095615332373,1544.0267279385957,True,True,32,1500
1168,26-6-26,1,Ran Guo,Tom Kessler,0.0,1560.8640327714659,1500.0,1542.0894648416856,,True,False,32,1500
1169,26-6-26,2,Alex Parker,Timofey Tylik,0.0,1500.0,1544.0267279385957,,1558.0100053157346,False,True,32,1500
1170,26-6-26,2,Alexandra Polinsky,Nathan Choi,0.0,1500.0,1664.8174201917966,,1673.7496822863293,False,True,32,1500
1171,26-6-26,2,Amber Cronin,Winston Wong,0.0,1417.6905451408263,1435.7790018042986,1402.5227975413072,1450.9467494038176,True,True,32,1500
1172,26-6-26,2,Anthony Wilkinson,Jonathon Torchia,1.0,1523.3588615298154,1500.0,1538.2847640829896,,True,False,32,1500
1173,26-6-26,2,Bradley Skubic,Nathan Cormier,0.0,1569.2353785831363,1504.641107227854,1550.2945085787705,1523.5819772322197,True,True,32,1500
1174,26-6-26,2,Dani Masom,Milo Brown,1.0,1493.0644596320674,1654.8450521834486,1516.0192019960173,1631.8903098194987,True,True,32,1500
1175,26-6-26,2,David Van Hise,Stella Burfeind,1.0,1657.499298766213,1482.6158431342496,1666.0632726498936,1474.051869250569,True,True,32,1500
1176,26-6-26,2,Devon O’Donnell,Phil iwanow,1.0,1500.0,1461.2044648142148,,1446.9836766608435,False,True,32,1500
1177,26-6-26,2,Jack Henry,Mike Adams,0.0,1376.0348172765973,1433.0095615332373,1362.635332252303,1446.4090465575316,True,True,32,1500
1178,26-6-26,2,Jackson D’Elia,John Larochelle,0.0,1500.0,1457.6945685129674,,1475.6332337705628,False,True,32,1500
1179,26-6-26,2,Jarrod Haase,Tom Kessler,0.0,1308.4259311575522,1500.0,1300.4509651760725,,True,False,32,1500
1180,26-6-26,2,Jeremy O'Brien,Stan Kornacki,0.0,1500.0,1592.1159417256702,,1603.970526881547,False,True,32,1500
1181,26-6-26,2,Joseph Chung,Philip Petronis,0.0,1393.909500423515,1500.0,1382.648759143984,,True,False,32,1500
1182,26-6-26,2,Ken Cox,Kenton Najdzien,0.0,1500.0,1541.9665956105807,,1556.04330704673,False,True,32,1500
1183,26-6-26,2,Mike Laing,Ran Guo,0.0,1626.5484689246155,1542.0894648416856,1606.7338343408644,1561.9040994254367,True,True,32,1500
1184,26-6-26,3,Amber Cronin,Mike Laing,0.0,1402.5227975413072,1606.7338343408644,1394.9753964239162,1614.2812354582554,True,True,32,1500
1185,26-6-26,3,Anthony Wilkinson,Stan Kornacki,0.0,1538.2847640829896,1603.970526881547,1525.2741727818454,1616.981118182691,True,True,32,1500
1186,26-6-26,3,Bradley Skubic,Mike Adams,1.0,1550.2945085787705,1446.4090465575316,1561.6480595374314,1435.0554955988707,True,True,32,1500
1187,26-6-26,3,Dani Masom,Nathan Choi,1.0,1516.0192019960173,1673.7496822863293,1538.8219062185806,1650.946978063766,True,True,32,1500
1188,26-6-26,3,David Van Hise,Milo Brown,1.0,1666.0632726498936,1631.8903098194987,1680.4946048485567,1617.4589776208356,True,True,32,1500
1189,26-6-26,3,Devon O’Donnell,Timofey Tylik,0.0,1500.0,1558.0100053157346,,1571.363096842906,False,True,32,1500
1190,26-6-26,3,Jack Henry,Jonathon Torchia,1.0,1362.635332252303,1500.0,1384.6509815218176,,True,False,32,1500
1191,26-6-26,3,Jackson D’Elia,Stella Burfeind,0.0,1500.0,1474.051869250569,,1491.2446080332268,False,True,32,1500
1192,26-6-26,3,Jarrod Haase,Winston Wong,1.0,1300.4509651760725,1450.9467494038176,1322.9783281519028,1428.4193864279873,True,True,32,1500
1193,26-6-26,3,John Larochelle,Philip Petronis,0.0,1475.6332337705628,1500.0,1460.753528641415,,True,False,32,1500
1194,26-6-26,3,Joseph Chung,Ken Cox,0.0,1382.648759143984,1500.0,1371.8564350987508,,True,False,32,1500
1195,26-6-26,3,Kenton Najdzien,Nathan Cormier,1.0,1556.04330704673,1523.5819772322197,1570.5527422837226,1509.072541995227,True,True,32,1500
1196,26-6-26,3,Phil iwanow,Ran Guo,0.0,1446.9836766608435,1561.9040994254367,1436.0910414590735,1572.7967346272067,True,True,32,1500
1197,26-6-26,4,Alex Parker,Mike Laing,0.0,1500.0,1614.2812354582554,,1625.200322474297,False,True,32,1500
1198,26-6-26,4,Anthony Wilkinson,Nathan Choi,1.0,1525.2741727818454,1650.946978063766,1546.8217586755432,1629.3993921700683,True,True,32,1500
1199,26-6-26,4,Bradley Skubic,David Van Hise,0.0,1561.6480595374314,1680.4946048485567,1550.9172153403044,1691.2254490456837,True,True,32,1500
1200,26-6-26,4,Dani Masom,Stan Kornacki,1.0,1538.8219062185806,1616.981118182691,1558.3617575322326,1597.441266869039,True,True,32,1500
1201,26-6-26,4,Devon O’Donnell,Ran Guo,1.0,1500.0,1572.7967346272067,,1553.492532856342,False,True,32,1500
1202,26-6-26,4,Jack Henry,Nathan Cormier,1.0,1384.6509815218176,1509.072541995227,1406.1478094752301,1487.5757140418145,True,True,32,1500
1203,26-6-26,4,Jackson D’Elia,Joseph Chung,0.0,1500.0,1371.8564350987508,,1393.503877096315,False,True,32,1500
1204,26-6-26,4,Jarrod Haase,Kenton Najdzien,0.0,1322.9783281519028,1570.5527422837226,1316.7749667432709,1576.7561036923546,True,True,32,1500
1205,26-6-26,4,John Larochelle,Milo Brown,0.0,1460.753528641415,1617.4589776208356,1451.517513055298,1626.6949932069526,True,True,32,1500
1206,26-6-26,4,Mike Adams,Stella Burfeind,0.0,1435.0554955988707,1491.2446080332268,1421.6207737500827,1504.6793298820148,True,True,32,1500
1207,26-6-26,4,Phil iwanow,Winston Wong,0.0,1436.0910414590735,1428.4193864279873,1419.7378060949493,1444.7726217921115,True,True,32,1500
1208,26-6-26,4,Thomas Kotcher,Timofey Tylik,1.0,1500.0,1571.363096842906,,1552.1221544312932,False,True,32,1500
1209,26-6-26,5,Alex Parker,Bradley Skubic,0.5,1500.0,1550.9172153403044,,1548.5890348192613,False,True,32,1500
1210,26-6-26,5,Jack Henry,Winston Wong,1.0,1406.1478094752301,1444.7726217921115,1423.919256038872,1427.0011752284697,True,True,32,1500
1211,26-6-26,5,Jackson D’Elia,Phil iwanow,0.0,1500.0,1419.7378060949493,,1439.3696386470467,False,True,32,1500
1212,26-6-26,5,Jarrod Haase,Jeremy O'Brien,0.0,1316.7749667432709,1500.0,1308.5087838755244,,True,False,32,1500
1213,26-6-26,5,John Larochelle,Nathan Cormier,1.0,1451.517513055298,1487.5757140418145,1469.172118206429,1469.9211088906834,True,True,32,1500
1214,26-6-26,5,Mike Laing,Philip Petronis,0.0,1625.200322474297,1500.0,1603.6718884651132,,True,False,32,1500
1215,26-6-26,5,Milo Brown,Ran Guo,0.0,1626.6949932069526,1553.492532856342,1607.372908237341,1572.8146178259535,True,True,32,1500
1216,26-6-26,5,Nathan Choi,Sean Marks,0.0,1629.3993921700683,1500.0,1607.7013870052294,,True,False,32,1500
1217,26-7-03,1,Alexandra Polinsky,Milo Brown,0.0,1500.0,1607.372908237341,,1618.5798329681388,False,True,32,1500
1218,26-7-03,1,Andrew Gallien,Jonathon Torchia,1.0,1518.1456406072311,1500.0,1533.3107619364118,,True,False,32,1500
1219,26-7-03,1,Anthony Wilkinson,Stella Burfeind,1.0,1546.8217586755432,1504.6793298820148,1560.8904901830963,1490.6105983744617,True,True,32,1500
1220,26-7-03,1,Bradley Skubic,Kevin Petriello,1.0,1548.5890348192613,1500.0,1562.3659016745632,,True,False,32,1500
1221,26-7-03,1,Brian Kennes,Gina Millott,1.0,1500.0,1451.0017016856937,,1437.2433152130895,False,True,32,1500
1222,26-7-03,1,Chris Hirt,Phil iwanow,0.0,1500.0,1439.3696386470467,,1458.1337679896358,False,True,32,1500
1223,26-7-03,1,Dani Masom,Devon O’Donnell,0.0,1558.3617575322326,1500.0,1539.6990962381283,,True,False,32,1500
1224,26-7-03,1,Hex Dowd,Mike Laing,1.0,1490.6946642587322,1603.6718884651132,1511.7215169130038,1582.6450358108416,True,True,32,1500
1225,26-7-03,1,Jack Henry,Sean Marks,0.0,1423.919256038872,1500.0,1411.367955911922,,True,False,32,1500
1226,26-7-03,1,Jackson D’Elia,Jarrod Haase,0.0,1500.0,1308.5087838755244,,1332.5309619001853,False,True,32,1500
1227,26-7-03,1,Nathan Choi,Nathan Cormier,1.0,1607.7013870052294,1469.9211088906834,1617.6693111263778,1459.953184769535,True,True,32,1500
1228,26-7-03,1,Terry Eleftherakis,damion reilly,0.0,1424.0834100399122,1500.0,1411.5249008191256,,True,False,32,1500
1229,26-7-03,2,Andrew Gallien,Anthony Wilkinson,1.0,1533.3107619364118,1560.8904901830963,1550.5781943120376,1543.6230578074706,True,True,32,1500
1230,26-7-03,2,Bradley Skubic,damion reilly,0.0,1562.3659016745632,1500.0,1543.524300624803,,True,False,32,1500
1231,26-7-03,2,Brian Kennes,Phil iwanow,0.0,1500.0,1458.1337679896358,,1476.0525012645992,False,True,32,1500
1232,26-7-03,2,Chris Hirt,Stella Burfeind,0.0,1500.0,1490.6105983744617,,1507.0428910631526,False,True,32,1500
1233,26-7-03,2,Dani Masom,Nathan Cormier,1.0,1539.6990962381283,1459.953184769535,1552.089821938909,1447.5624590687544,True,True,32,1500
1234,26-7-03,2,David Van Hise,Nathan Choi,1.0,1691.2254490456837,1617.6693111263778,1703.8877820786995,1605.006978093362,True,True,32,1500
1235,26-7-03,2,Devon O’Donnell,Milo Brown,0.0,1500.0,1618.5798329681388,,1629.3216304076168,False,True,32,1500
1236,26-7-03,2,Gina Millott,Kevin Petriello,0.0,1437.2433152130895,1500.0,1424.102341368971,,True,False,32,1500
1237,26-7-03,2,Hex Dowd,Jarrod Haase,1.0,1511.7215169130038,1332.5309619001853,1520.1308824927446,1324.1215963204445,True,True,32,1500
1238,26-7-03,2,Jack Henry,Mike Laing,1.0,1411.367955911922,1582.6450358108416,1434.6731480696421,1559.3398436531215,True,True,32,1500
1239,26-7-03,2,Jackson D’Elia,Terry Eleftherakis,0.0,1500.0,1411.5249008191256,,1431.5134835548395,False,True,32,1500
1240,26-7-03,3,Andrew Gallien,Hex Dowd,1.0,1550.5781943120376,1520.1308824927446,1565.1796222004523,1505.5294546043299,True,True,32,1500
1241,26-7-03,3,Anthony Wilkinson,Jackson D’Elia,1.0,1543.6230578074706,1500.0,1557.624632210802,,True,False,32,1500
1242,26-7-03,3,Bradley Skubic,Jeremy O'Brien,1.0,1543.524300624803,1500.0,1557.5303521736278,,True,False,32,1500
1243,26-7-03,3,Dani Masom,Nathan Choi,0.0,1552.089821938909,1605.006978093362,1538.5080765998252,1618.5887234324457,True,True,32,1500
1244,26-7-03,3,David Van Hise,Milo Brown,0.0,1703.8877820786995,1629.3216304076168,1684.5056533870345,1648.7037590992818,True,True,32,1500
1245,26-7-03,3,Devon O’Donnell,Stella Burfeind,1.0,1500.0,1507.0428910631526,,1490.7185983615138,False,True,32,1500
1246,26-7-03,3,Gina Millott,Nathan Cormier,0.0,1424.102341368971,1447.5624590687544,1409.181080729516,1462.4837197082095,True,True,32,1500
1247,26-7-03,3,Jack Henry,Phil iwanow,0.0,1434.6731480696421,1476.0525012645992,1420.56977849174,1490.1558708425014,True,True,32,1500
1248,26-7-03,3,Jarrod Haase,Kevin Petriello,0.0,1324.1215963204445,1500.0,1315.5934970001972,,True,False,32,1500
1249,26-7-03,3,Jonathon Torchia,Terry Eleftherakis,1.0,1500.0,1431.5134835548395,,1418.6271793653555,False,True,32,1500
1250,26-7-03,4,Andrew Gallien,Milo Brown,0.0,1565.1796222004523,1648.7037590992818,1552.953625747122,1660.929755552612,True,True,32,1500
1251,26-7-03,4,Anthony Wilkinson,Nathan Choi,0.0,1557.624632210802,1618.5887234324457,1544.403669215249,1631.8096864279987,True,True,32,1500
1252,26-7-03,4,Bradley Skubic,David Van Hise,1.0,1557.5303521736278,1684.5056533870345,1579.130640559039,1662.9053650016233,True,True,32,1500
1253,26-7-03,4,Brian Kennes,Nathan Cormier,1.0,1500.0,1462.4837197082095,,1448.2047246014622,False,True,32,1500
1254,26-7-03,4,Dani Masom,Terry Eleftherakis,1.0,1538.5080765998252,1418.6271793653555,1549.1964948719183,1407.9387610932624,True,True,32,1500
1255,26-7-03,4,Devon O’Donnell,Hex Dowd,1.0,1500.0,1505.5294546043299,,1489.2748353064865,False,True,32,1500
1256,26-7-03,4,Gina Millott,Jackson D’Elia,0.0,1409.181080729516,1500.0,1397.2707212865205,,True,False,32,1500
1257,26-7-03,4,Jack Henry,Stella Burfeind,0.0,1420.56977849174,1490.7185983615138,1407.757057994737,1503.531318858517,True,True,32,1500
1258,26-7-03,4,Jarrod Haase,Sean Marks,0.0,1315.5934970001972,1500.0,1307.3689421749293,,True,False,32,1500
1259,26-7-03,4,Phil iwanow,damion reilly,1.0,1490.1558708425014,1500.0,1506.6090884693642,,True,False,32,1500
1260,26-7-03,5,Anthony Wilkinson,Dani Masom,0.0,1544.403669215249,1549.1964948719183,1528.6243729937905,1564.9757910933768,True,True,32,1500
1261,26-7-03,5,Bradley Skubic,Jonathon Torchia,0.0,1579.130640559039,1500.0,1559.5482694286218,,True,False,32,1500
1262,26-7-03,5,Hex Dowd,Nathan Choi,0.0,1489.2748353064865,1631.8096864279987,1479.4937708437883,1641.5907508906969,True,True,32,1500
1263,26-7-03,5,Jack Henry,Jackson D’Elia,1.0,1407.757057994737,1500.0,1427.9079283044907,,True,False,32,1500
1264,26-7-03,5,Jarrod Haase,Terry Eleftherakis,1.0,1307.3689421749293,1407.9387610932624,1327.875192957575,1387.4325103106166,True,True,32,1500
1265,26-7-03,5,Nathan Cormier,Stella Burfeind,0.0,1448.2047246014622,1503.531318858517,1434.731288033236,1517.004755426743,True,True,32,1500
1266,26-7-10,1,Alexandra Polinsky,Stella Burfeind,1.0,1500.0,1517.004755426743,,1500.2222821990033,False,True,32,1500
1267,26-7-10,1,Anthony Wilkinson,Jeremy O'Brien,1.0,1528.6243729937905,1500.0,1543.3091463499939,,True,False,32,1500
1268,26-7-10,1,Chris Hirt,Winston Wong,1.0,1500.0,1427.0011752284697,,1414.3142856206703,False,True,32,1500
1269,26-7-10,1,Dani Masom,Mike Adams,1.0,1564.9757910933768,1421.6207737500827,1574.7248210624316,1411.8717437810278,True,True,32,1500
1270,26-7-10,1,Devon O’Donnell,Phil iwanow,0.0,1500.0,1506.6090884693642,,1522.3047654036593,False,True,32,1500
1271,26-7-10,1,Ian Brungardt,Milo Brown,0.0,1500.0,1660.929755552612,,1670.006826371425,False,True,32,1500
1272,26-7-10,1,Isharah Considine,Josh Kibbe,1.0,1550.985788558756,1500.0,1564.654517077297,,True,False,32,1500
1273,26-7-10,1,Joseph Chung,Philip Petronis,1.0,1393.503877096315,1500.0,1414.260170673967,,True,False,32,1500
1274,26-7-10,1,Kenton Najdzien,Stan Kornacki,0.0,1576.7561036923546,1597.441266869039,1561.7075667347904,1612.4898038266033,True,True,32,1500
1275,26-7-10,1,Mike Laing,Nathan Cormier,1.0,1559.3398436531215,1434.731288033236,1569.835422049712,1424.2357096366457,True,True,32,1500
1276,26-7-10,1,Nathan Choi,Roopak Dasararaju,1.0,1641.5907508906969,1499.099429962724,1651.3735172251668,1489.316663628254,True,True,32,1500
1277,26-7-10,2,Alexandra Polinsky,Dani Masom,0.0,1500.0,1574.7248210624316,,1587.3357125465036,False,True,32,1500
1278,26-7-10,2,Anthony Wilkinson,Sean Marks,1.0,1543.3091463499939,1500.0,1557.3249529904394,,True,False,32,1500
1279,26-7-10,2,Chris Hirt,Isharah Considine,1.0,1500.0,1564.654517077297,,1545.7109664714383,False,True,32,1500
1280,26-7-10,2,Devon O’Donnell,Mike Adams,1.0,1500.0,1411.8717437810278,,1399.8453426876822,False,True,32,1500
1281,26-7-10,2,Ian Brungardt,Winston Wong,0.0,1500.0,1414.3142856206703,,1434.1821561684662,False,True,32,1500
1282,26-7-10,2,Joseph Chung,Mike Laing,1.0,1414.260170673967,1569.835422049712,1436.981350615056,1547.1142421086229,True,True,32,1500
1283,26-7-10,2,Kenton Najdzien,Nathan Cormier,1.0,1561.7075667347904,1424.2357096366457,1571.687679491181,1414.255596880255,True,True,32,1500
1284,26-7-10,2,Milo Brown,Stan Kornacki,1.0,1670.006826371425,1612.4898038266033,1683.3820044438653,1599.114625754163,True,True,32,1500
1285,26-7-10,2,Nathan Choi,Phil iwanow,0.0,1651.3735172251668,1522.3047654036593,1629.6888120035135,1543.9894706253126,True,True,32,1500
1286,26-7-10,2,Roopak Dasararaju,Stella Burfeind,1.0,1489.316663628254,1500.2222821990033,1505.818721047963,1483.7202247792943,True,True,32,1500
1287,26-7-10,3,Alexandra Polinsky,Winston Wong,1.0,1500.0,1434.1821561684662,,1421.1774346738268,False,True,32,1500
1288,26-7-10,3,Anthony Wilkinson,Joseph Chung,0.0,1557.3249529904394,1436.981350615056,1535.994419616042,1458.3118839894535,True,True,32,1500
1289,26-7-10,3,Chris Hirt,Dani Masom,0.0,1500.0,1587.3357125465036,,1599.396379866383,False,True,32,1500
1290,26-7-10,3,Devon O’Donnell,Stan Kornacki,0.0,1500.0,1599.114625754163,,1610.670145939663,False,True,32,1500
1291,26-7-10,3,Evan Hamlin,Milo Brown,0.0,1500.0,1683.3820044438653,,1691.6426486682628,False,True,32,1500
1292,26-7-10,3,Isharah Considine,Kenton Najdzien,0.0,1545.7109664714383,1571.687679491181,1530.9050141936139,1586.4936317690053,True,True,32,1500
1293,26-7-10,3,Jonathon Torchia,Nathan Choi,0.0,1500.0,1629.6888120035135,,1639.9791723788069,False,True,32,1500
1294,26-7-10,3,Josh Kibbe,Stella Burfeind,0.0,1500.0,1483.7202247792943,,1500.4693879331255,False,True,32,1500
1295,26-7-10,3,Mike Laing,Phil iwanow,1.0,1547.1142421086229,1543.9894706253126,1562.9703449437577,1528.1333677901778,True,True,32,1500
1296,26-7-10,3,Nathan Cormier,Roopak Dasararaju,1.0,1414.255596880255,1505.818721047963,1434.3772526876458,1485.6970652405723,True,True,32,1500
1297,26-7-10,4,Alexandra Polinsky,Anthony Wilkinson,0.0,1500.0,1535.994419616042,,1550.342720349228,False,True,32,1500
1298,26-7-10,4,Chris Hirt,Mike Laing,1.0,1500.0,1562.9703449437577,,1544.101794592406,False,True,32,1500
1299,26-7-10,4,Dani Masom,Joseph Chung,1.0,1599.396379866383,1458.3118839894535,1609.234236985888,1448.4740268699486,True,True,32,1500
1300,26-7-10,4,Devon O’Donnell,Winston Wong,1.0,1500.0,1421.1774346738268,,1408.746326962508,False,True,32,1500
1301,26-7-10,4,Evan Hamlin,Phil iwanow,1.0,1500.0,1528.1333677901778,,1510.8406025766867,False,True,32,1500
1302,26-7-10,4,Ian Brungardt,Roopak Dasararaju,1.0,1500.0,1485.6970652405723,,1470.3553678870674,False,True,32,1500
1303,26-7-10,4,Jackson D’Elia,Mike Adams,1.0,1500.0,1399.8453426876822,,1388.333985193413,False,True,32,1500
1304,26-7-10,4,Kenton Najdzien,Stella Burfeind,1.0,1586.4936317690053,1500.4693879331255,1598.6110858829916,1488.3519338191393,True,True,32,1500
1305,26-7-10,4,Milo Brown,Philip Petronis,1.0,1691.6426486682628,1500.0,1699.6152511696578,,True,False,32,1500
1306,26-7-10,4,Nathan Choi,Stan Kornacki,1.0,1639.9791723788069,1610.670145939663,1654.632634439308,1596.0166838791617,True,True,32,1500
1307,26-7-10,4,Nathan Cormier,Sean Marks,0.0,1434.3772526876458,1500.0,1421.36386062454,,True,False,32,1500
1308,26-7-10,5,Evan Hamlin,Joseph Chung,1.0,1500.0,1448.4740268699486,,1434.829641114868,False,True,32,1500
1309,26-7-10,5,Ian Brungardt,Mike Laing,1.0,1500.0,1544.101794592406,,1526.0816700369273,False,True,32,1500
1310,26-7-10,5,Jackson D’Elia,Phil iwanow,1.0,1500.0,1510.8406025766867,,1494.3415363236459,False,True,32,1500
1311,26-7-10,5,Kenton Najdzien,Nathan Choi,1.0,1598.6110858829916,1654.632634439308,1617.1688452120713,1636.0748751102283,True,True,32,1500
1312,26-7-10,5,Mike Adams,Roopak Dasararaju,0.0,1388.333985193413,1470.3553678870674,1376.0425683487856,1482.6467847316947,True,True,32,1500
1313,26-7-10,5,Philip Petronis,Stan Kornacki,1.0,1500.0,1596.0166838791617,,1575.704184643508,False,True,32,1500
1314,26-7-12_RCQ,1,Anthony Wilkinson,David Brink,0.0,1550.342720349228,1500.0,1532.0404423319624,,True,False,32,1500
1315,26-7-12_RCQ,1,Beau Berger,Sam Feeley,0.0,1500.0,1480.3882542105205,,1497.2904504674732,False,True,32,1500
1316,26-7-12_RCQ,1,Bradley Skubic,Ken Cox,1.0,1559.5482694286218,1500.0,1572.8325108715806,,True,False,32,1500
1317,26-7-12_RCQ,1,Christian Heinrich,Nathan Cormier,1.0,1500.0,1421.36386062454,,1408.9245938537533,False,True,32,1500
1318,26-7-12_RCQ,1,Dani Masom,Logan Hesch,0.0,1609.234236985888,1550.5566847323898,1590.5574377062344,1569.2334840120434,True,True,32,1500
1319,26-7-12_RCQ,1,Kenny De,Phil iwanow,0.0,1500.0,1494.3415363236459,,1510.6020951688845,False,True,32,1500
1320,26-7-12_RCQ,1,Matt Rosenbloom,Sam Sziklas,0.0,1469.4325793970925,1500.0,1454.8366402944762,,True,False,32,1500
1321,26-7-12_RCQ,1,Nathan Choi,Patrick Brooks,1.0,1636.0748751102283,1495.7950122478803,1645.9443188084679,1485.9255685496407,True,True,32,1500
1322,26-7-12_RCQ,1,Terry Eleftherakis,Tom Kessler,0.0,1387.4325103106166,1500.0,1376.4423502159393,,True,False,32,1500
1323,26-7-12_RCQ,2,Anthony Wilkinson,Kenny De,1.0,1532.0404423319624,1500.0,1546.569094094734,,True,False,32,1500
1324,26-7-12_RCQ,2,Beau Berger,Terry Eleftherakis,1.0,1500.0,1376.4423502159393,,1365.9040593677873,False,True,32,1500
1325,26-7-12_RCQ,2,Bradley Skubic,Phil iwanow,0.0,1572.8325108715806,1510.6020951688845,1553.9969527990868,1529.4376532413783,True,True,32,1500
1326,26-7-12_RCQ,2,Christian Heinrich,Logan Hesch,0.0,1500.0,1569.2334840120434,,1582.0867057125097,False,True,32,1500
1327,26-7-12_RCQ,2,Dani Masom,Nathan Cormier,0.0,1590.5574377062344,1408.9245938537533,1566.8799367395454,1432.6020948204423,True,True,32,1500
1328,26-7-12_RCQ,2,David Brink,Sam Feeley,0.0,1500.0,1497.2904504674732,,1513.4152273050922,False,True,32,1500
1329,26-7-12_RCQ,2,Matt Rosenbloom,Patrick Brooks,1.0,1454.8366402944762,1485.9255685496407,1472.2645294070585,1468.4976794370584,True,True,32,1500
1330,26-7-12_RCQ,2,Nathan Choi,Xavier Wofford,0.0,1645.9443188084679,1500.0,1623.5926027322653,,True,False,32,1500
1331,26-7-12_RCQ,3,Anthony Wilkinson,JameS Blanchfield,1.0,1546.569094094734,1500.0,1560.4372595097534,,True,False,32,1500
1332,26-7-12_RCQ,3,Bradley Skubic,Nathan Cormier,0.0,1553.9969527990868,1432.6020948204423,1532.6234242645903,1453.9756233549388,True,True,32,1500
1333,26-7-12_RCQ,3,Dani Masom,Nathan Choi,0.0,1566.8799367395454,1623.5926027322653,1553.4686999538767,1637.003839517934,True,True,32,1500
1334,26-7-12_RCQ,3,David Brink,Matt Rosenbloom,0.0,1500.0,1472.2645294070585,,1489.5390887241033,False,True,32,1500
1335,26-7-12_RCQ,3,Logan Hesch,Xavier Wofford,1.0,1582.0867057125097,1500.0,1594.3752760623902,,True,False,32,1500
1336,26-7-12_RCQ,3,Nick Brink,Patrick Brooks,1.0,1500.0,1468.4976794370584,,1453.9444523346629,False,True,32,1500
1337,26-7-12_RCQ,3,Phil iwanow,Sam Sziklas,1.0,1529.4376532413783,1500.0,1544.0852339563428,,True,False,32,1500
1338,26-7-12_RCQ,3,Sam Feeley,Tom Kessler,0.0,1513.4152273050922,1500.0,1496.7977400961843,,True,False,32,1500
1339,26-7-12_RCQ,4,Aaron Wiswall,Patrick Brooks,1.0,1500.0,1453.9444523346629,,1440.0530525220113,False,True,32,1500
1340,26-7-12_RCQ,4,Anthony Wilkinson,Nathan Cormier,0.0,1560.4372595097534,1453.9756233549388,1539.6824138038342,1474.730469060858,True,True,32,1500
1341,26-7-12_RCQ,4,Christian Heinrich,Sam Feeley,1.0,1500.0,1496.7977400961843,,1480.945205438838,False,True,32,1500
1342,26-7-12_RCQ,4,Dani Masom,JameS Blanchfield,0.0,1553.4686999538767,1500.0,1535.0256319528216,,True,False,32,1500
1343,26-7-12_RCQ,4,Matt Rosenbloom,Sam White,0.0,1489.5390887241033,1500.0,1474.02068596994,,True,False,32,1500
1344,26-7-12_RCQ,5,Anthony Wilkinson,Sean Marks,0.0,1539.6824138038342,1500.0,1521.8628762611265,,True,False,32,1500
1345,26-7-12_RCQ,5,Benjamin Wakefield,Nathan Choi,0.0,1500.0,1637.003839517934,,1647.0024636343762,False,True,32,1500
1346,26-7-12_RCQ,5,Dani Masom,Patrick Brooks,1.0,1535.0256319528216,1440.0530525220113,1546.757758442379,1428.3209260324538,True,True,32,1500
1347,26-7-12_RCQ,5,Kenny De,Matt Rosenbloom,0.0,1500.0,1474.02068596994,,1491.2148528059001,False,True,32,1500
1348,26-7-12_RCQ,5,Logan Hesch,Phil iwanow,0.5,1594.3752760623902,1544.0852339563428,1592.075373790918,1546.3851362278149,True,True,32,1500
1349,26-7-12_RCQ,5,Neal Jiwnani,Sam Feeley,0.0,1500.0,1480.945205438838,,1497.8218324047293,False,True,32,1500
1350,26-7-12_RCQ,6,Logan Hesch,Nathan Choi,0.0,1592.075373790918,1647.0024636343762,1578.5839948768516,1660.4938425484427,True,True,32,1500
1351,26-7-12_RCQ,6,Phil iwanow,Xavier Wofford,1.0,1546.3851362278149,1500.0,1560.2616234077718,,True,False,32,1500
1352,26-7-12_RCQ,7,Nathan Choi,Sam White,0.0,1660.4938425484427,1500.0,1637.5872385097932,,True,False,32,1500
1353,26-7-12_RCQ,7,Phil iwanow,Sam Sziklas,0.0,1560.2616234077718,1500.0,1541.5139712857388,,True,False,32,1500
1354,26-7-17,1,Andrew Gallien,Jack Henry,0.0,1552.953625747122,1427.9079283044907,1531.4314633091094,1449.4300907425034,True,True,32,1500
1355,26-7-17,1,Anthony Wilkinson,Logan Hesch,1.0,1521.8628762611265,1578.5839948768516,1540.45201854146,1559.9948525965183,True,True,32,1500
1356,26-7-17,1,Bradley Skubic,Winston Wong,1.0,1532.6234242645903,1408.746326962508,1543.1487222959422,1398.221028931156,True,True,32,1500
1357,26-7-17,1,Daniel Hernandez,Mike Adams,0.0,1291.7420835213402,1376.0425683487856,1279.5498322229978,1388.234819647128,True,True,32,1500
1358,26-7-17,1,Devon O’Donnell,Terry Eleftherakis,1.0,1500.0,1365.9040593677873,,1355.7900021231408,False,True,32,1500
1359,26-7-17,1,Ian Brungardt,Stan Kornacki,0.0,1500.0,1575.704184643508,,1588.272024168698,False,True,32,1500
1360,26-7-17,1,Mike Laing,Milo Brown,0.0,1526.0816700369273,1699.6152511696578,1517.4688712788452,1708.22804992774,True,True,32,1500
1361,26-7-17,1,Phil iwanow,Roopak Dasararaju,1.0,1541.5139712857388,1482.6467847316947,1554.8286842295536,1469.3320717878798,True,True,32,1500
1362,26-7-17,2,Andrew Gallien,Milo Brown,1.0,1531.4314633091094,1708.22804992774,1554.936385639988,1684.7231275968613,True,True,32,1500
1363,26-7-17,2,Anthony Wilkinson,Bradley Skubic,1.0,1540.45201854146,1543.1487222959422,1556.576203844946,1527.0245369924562,True,True,32,1500
1364,26-7-17,2,Daniel Hernandez,Mike Laing,1.0,1279.5498322229978,1517.4688712788452,1305.0637844830785,1491.9549190187645,True,True,32,1500
1365,26-7-17,2,Devon O’Donnell,Stan Kornacki,1.0,1500.0,1588.272024168698,,1568.292213495099,False,True,32,1500
1366,26-7-17,2,Jack Henry,Phil iwanow,1.0,1449.4300907425034,1554.8286842295536,1470.14026448332,1534.118510488737,True,True,32,1500
1367,26-7-17,2,Logan Hesch,Terry Eleftherakis,0.0,1559.9948525965183,1355.7900021231408,1535.5424590971843,1380.2423956224748,True,True,32,1500
1368,26-7-17,2,Mike Adams,Philip Petronis,1.0,1388.234819647128,1500.0,1409.2113101783832,,True,False,32,1500
1369,26-7-17,2,Roopak Dasararaju,Winston Wong,0.0,1469.3320717878798,1398.221028931156,1450.1022622677222,1417.4508384513138,True,True,32,1500
1370,26-7-17,3,Andrew Gallien,Phil iwanow,0.0,1554.936385639988,1534.118510488737,1537.9788327361268,1551.0760633925981,True,True,32,1500
1371,26-7-17,3,Anthony Wilkinson,Jack Henry,0.5,1556.576203844946,1470.14026448332,1552.6758202044878,1474.040648123778,True,True,32,1500
1372,26-7-17,3,Bradley Skubic,Philip Petronis,1.0,1527.0245369924562,1500.0,1541.7825148792472,,True,False,32,1500
1373,26-7-17,3,Daniel Hernandez,Jonathon Torchia,0.0,1305.0637844830785,1500.0,1297.2041369834312,,True,False,32,1500
1374,26-7-17,3,Devon O’Donnell,Mike Adams,1.0,1500.0,1409.2113101783832,,1397.2996495396244,False,True,32,1500
1375,26-7-17,3,Ian Brungardt,Mike Laing,1.0,1500.0,1491.9549190187645,,1476.3253424871166,False,True,32,1500
1376,26-7-17,3,Logan Hesch,Roopak Dasararaju,1.0,1535.5424590971843,1450.1022622677222,1547.6852361252165,1437.95948523969,True,True,32,1500
1377,26-7-17,3,Milo Brown,Stan Kornacki,1.0,1684.7231275968613,1568.292213495099,1695.5533769749911,1557.4619641169693,True,True,32,1500
1378,26-7-17,3,Terry Eleftherakis,Winston Wong,0.0,1380.2423956224748,1417.4508384513138,1365.9493867627261,1431.7438473110624,True,True,32,1500
1379,26-7-17,4,Andrew Gallien,Terry Eleftherakis,0.0,1537.9788327361268,1365.9493867627261,1514.646242648843,1389.2819768500099,True,True,32,1500
1380,26-7-17,4,Anthony Wilkinson,Jonathon Torchia,1.0,1552.6758202044878,1500.0,1566.26842673137,,True,False,32,1500
1381,26-7-17,4,Bradley Skubic,Mike Adams,1.0,1541.7825148792472,1397.2996495396244,1551.4875892011464,1387.5945752177252,True,True,32,1500
1382,26-7-17,4,Daniel Hernandez,Stan Kornacki,0.0,1297.2041369834312,1557.4619641169693,1291.3577547661623,1563.3083463342382,True,True,32,1500
1383,26-7-17,4,Devon O’Donnell,Jack Henry,1.0,1500.0,1474.040648123778,,1459.2339007855248,False,True,32,1500
1384,26-7-17,4,Logan Hesch,Milo Brown,1.0,1547.6852361252165,1695.5533769749911,1570.1114208594008,1673.1271922408068,True,True,32,1500
1385,26-7-17,4,Mike Laing,Roopak Dasararaju,1.0,1476.3253424871166,1437.95948523969,1490.5656760356148,1423.7191516911917,True,True,32,1500
1386,26-7-17,4,Phil iwanow,Winston Wong,1.0,1551.0760633925981,1431.7438473110624,1561.7869764715942,1421.0329342320663,True,True,32,1500
1387,26-7-17,5,Daniel Hernandez,Philip Petronis,0.0,1291.3577547661623,1500.0,1283.9564739598059,,True,False,32,1500
1388,26-7-17,5,Ian Brungardt,Logan Hesch,0.0,1500.0,1570.1114208594008,,1582.9257953350368,False,True,32,1500
1389,26-7-17,5,Jack Henry,Mike Adams,0.0,1459.2339007855248,1387.5945752177252,1439.980761473761,1406.847714529489,True,True,32,1500
1390,26-7-17,5,Milo Brown,Terry Eleftherakis,1.0,1673.1271922408068,1389.2819768500099,1678.3524957171503,1384.0566733736664,True,True,32,1500
1391,26-7-17,5,Stan Kornacki,Winston Wong,1.0,1563.3083463342382,1421.0329342320663,1573.0995563650374,1411.241724201267,True,True,32,1500
1392,26-7-24,1,Adipto Sengupta,Autumn Rossa,0.0,1500.0,1515.839920296208,,1531.110969988901,False,True,32,1500
1393,26-7-24,1,Alexandra Polinsky,Nathan Choi,0.0,1500.0,1637.5872385097932,,1647.5627904997777,False,True,32,1500
1394,26-7-24,1,Amy Altman,Daniel Hernandez,1.0,1659.7905928690352,1283.9564739598059,1663.0891120029555,1280.6579548258856,True,True,32,1500
1395,26-7-24,1,Anthony Wilkinson,Logan Hesch,0.0,1566.26842673137,1582.9257953350368,1551.0349396907527,1598.1592823756541,True,True,32,1500
1396,26-7-24,1,Bailey Sarkis,Evan Hamlin,1.0,1516.6665621617394,1500.0,1531.8996267955883,,True,False,32,1500
1397,26-7-24,1,Becca Blackwood,Dylan Shanes,1.0,1583.5640555469292,1500.0,1595.7883160045576,,True,False,32,1500
1398,26-7-24,1,Chris Hirt,Mike Laing,1.0,1500.0,1490.5656760356148,,1475.000035957065,False,True,32,1500
1399,26-7-24,1,Graham Bateman,Ian Brungardt,1.0,1513.987688473183,1500.0,1529.343879416015,,True,False,32,1500
1400,26-7-24,1,Kenton Najdzien,Will Bellows,1.0,1617.1688452120713,1500.0,1627.968680337707,,True,False,32,1500
1401,26-7-24,2,Adipto Sengupta,Daniel Hernandez,0.0,1500.0,1280.6579548258856,,1305.6012910182062,False,True,32,1500
1402,26-7-24,2,Amy Altman,Nathan Choi,1.0,1663.0891120029555,1647.5627904997777,1678.374574066369,1632.2773284363643,True,True,32,1500
1403,26-7-24,2,Anthony Wilkinson,Will Bellows,1.0,1551.0349396907527,1500.0,1564.7014528151878,,True,False,32,1500
1404,26-7-24,2,Autumn Rossa,Tom Kessler,0.0,1531.110969988901,1500.0,1513.6820739069337,,True,False,32,1500
1405,26-7-24,2,Bailey Sarkis,Kenton Najdzien,0.0,1531.8996267955883,1627.968680337707,1520.2143624486557,1639.6539446846396,True,True,32,1500
1406,26-7-24,2,Becca Blackwood,Graham Bateman,1.0,1595.7883160045576,1529.343879416015,1608.7652025304274,1516.3669928901452,True,True,32,1500
1407,26-7-24,2,Chris Hirt,Logan Hesch,1.0,1500.0,1598.1592823756541,,1577.7554339374044,False,True,32,1500
1408,26-7-24,2,Dylan Shanes,Mike Laing,1.0,1500.0,1475.000035957065,,1460.1493439719682,False,True,32,1500
1409,26-7-24,3,Amy Altman,Keith Van Allen,1.0,1678.374574066369,1500.0,1686.8130918875656,,True,False,32,1500
1410,26-7-24,3,Anthony Wilkinson,Autumn Rossa,0.5,1564.7014528151878,1513.6820739069337,1562.3686673025124,1516.0148594196091,True,True,32,1500
1411,26-7-24,3,Bailey Sarkis,Logan Hesch,1.0,1520.2143624486557,1577.7554339374044,1538.8402620529284,1559.1295343331317,True,True,32,1500
1412,26-7-24,3,Becca Blackwood,Tom Kessler,0.0,1608.7652025304274,1500.0,1587.9138339699678,,True,False,32,1500
1413,26-7-24,3,Chris Hirt,Kenton Najdzien,0.0,1500.0,1639.6539446846396,,1649.5479981613892,False,True,32,1500
1414,26-7-24,3,Daniel Hernandez,Ken Cox,1.0,1305.6012910182062,1500.0,1329.7232833033613,,True,False,32,1500
1415,26-7-24,3,Dylan Shanes,Graham Bateman,1.0,1500.0,1516.3669928901452,,1499.6138220670769,False,True,32,1500
1416,26-7-24,3,Jason Flynn,Nathan Choi,0.0,1500.0,1632.2773284363643,,1642.4639410551722,False,True,32,1500
1417,26-7-24,3,Jonathon Torchia,Mike Laing,0.0,1500.0,1460.1493439719682,,1477.9765287348519,False,True,32,1500
1418,26-7-24,4,Alexandra Polinsky,Anthony Wilkinson,0.0,1500.0,1562.3686673025124,,1575.5269429082734,False,True,32,1500
1419,26-7-24,4,Amy Altman,Kenton Najdzien,0.0,1686.8130918875656,1649.5479981613892,1669.1035216164023,1667.2575684325525,True,True,32,1500
1420,26-7-24,4,Autumn Rossa,Mike Laing,1.0,1516.0148594196091,1477.9765287348519,1530.2700952273165,1463.7212929271445,True,True,32,1500
1421,26-7-24,4,Bailey Sarkis,Dylan Shanes,1.0,1538.8402620529284,1500.0,1553.059015957115,,True,False,32,1500
1422,26-7-24,4,Becca Blackwood,Nathan Choi,1.0,1587.9138339699678,1642.4639410551722,1606.4055182570253,1623.9722567681147,True,True,32,1500
1423,26-7-24,4,Chris Hirt,Daniel Hernandez,0.0,1500.0,1329.7232833033613,,1352.991962571563,False,True,32,1500
1424,26-7-24,4,Graham Bateman,Jason Flynn,1.0,1499.6138220670769,1500.0,1515.6316062107849,,True,False,32,1500
1425,26-7-24,4,Ian Brungardt,Logan Hesch,0.0,1500.0,1559.1295343331317,,1572.4325075072697,False,True,32,1500
1426,26-7-24,5,Anthony Wilkinson,Daniel Hernandez,1.0,1575.5269429082734,1352.991962571563,1582.4830265297708,1346.0358789500656,True,True,32,1500
1427,26-7-24,5,Autumn Rossa,Chris Hirt,1.0,1530.2700952273165,1500.0,1544.8796222455653,,True,False,32,1500
1428,26-7-24,5,Becca Blackwood,Keith Van Allen,1.0,1606.4055182570253,1500.0,1617.6530287550772,,True,False,32,1500
1429,26-7-24,5,Graham Bateman,Logan Hesch,0.0,1515.6316062107849,1572.4325075072697,1502.2243262750135,1585.8397874430411,True,True,32,1500
1430,26-7-24,5,Nathan Choi,Will Bellows,1.0,1623.9722567681147,1500.0,1634.4936859792099,,True,False,32,1500
1431,26-7-31,1,Alexandra Polinsky,Kenton Najdzien,1.0,1500.0,1667.2575684325525,,1644.0996659409016,False,True,32,1500
1432,26-7-31,1,Amy Altman,Chris Hirt,1.0,1669.1035216164023,1500.0,1677.8777853800063,,True,False,32,1500
1433,26-7-31,1,Autumn Rossa,Becca Blackwood,1.0,1544.8796222455653,1617.6530287550772,1564.1827955187935,1598.349855481849,True,True,32,1500
1434,26-7-31,1,Bradley Skubic,Winston Wong,1.0,1551.4875892011464,1411.241724201267,1561.3583687522284,1401.370944650185,True,True,32,1500
1435,26-7-31,1,Colin Plumridge,Mike Laing,0.0,1500.0,1463.7212929271445,,1481.3859435018603,False,True,32,1500
1436,26-7-31,1,Devon O’Donnell,Mike Adams,1.0,1500.0,1406.847714529489,,1395.0376166007186,False,True,32,1500
1437,26-7-31,1,Jonathon Torchia,Phil iwanow,0.0,1500.0,1561.7869764715942,,1574.971202612433,False,True,32,1500
1438,26-7-31,2,Alexandra Polinsky,Bradley Skubic,1.0,1500.0,1561.3583687522284,,1542.5617258419811,False,True,32,1500
1439,26-7-31,2,Amy Altman,Autumn Rossa,1.0,1677.8777853800063,1564.1827955187935,1688.8211604888525,1553.2394204099473,True,True,32,1500
1440,26-7-31,2,Becca Blackwood,Ian Brungardt,1.0,1598.349855481849,1500.0,1609.9378969157942,,True,False,32,1500
1441,26-7-31,2,Chris Hirt,Winston Wong,1.0,1500.0,1401.370944650185,,1389.7947805600077,False,True,32,1500
1442,26-7-31,2,Devon O’Donnell,Stan Kornacki,0.0,1500.0,1573.0995563650374,,1585.7820062820595,False,True,32,1500
1443,26-7-31,2,Jason Flynn,Phil iwanow,0.0,1500.0,1574.971202612433,,1587.571258514864,False,True,32,1500
1444,26-7-31,2,Jonathon Torchia,Kenton Najdzien,0.0,1500.0,1644.0996659409016,,1653.819662149953,False,True,32,1500
1445,26-7-31,2,Mike Adams,Mike Laing,1.0,1395.0376166007186,1481.3859435018603,1414.934205070305,1461.4893550322738,True,True,32,1500
1446,26-7-31,3,Alexandra Polinsky,Phil iwanow,1.0,1500.0,1587.571258514864,,1567.6217377910323,False,True,32,1500
1447,26-7-31,3,Amy Altman,Stan Kornacki,1.0,1688.8211604888525,1585.7820062820595,1700.2104237305018,1574.39274304041,True,True,32,1500
1448,26-7-31,3,Autumn Rossa,Chris Hirt,0.0,1553.2394204099473,1500.0,1534.8066659858594,,True,False,32,1500
1449,26-7-31,3,Becca Blackwood,Mike Adams,1.0,1609.9378969157942,1414.934205070305,1617.7952415905058,1407.0768603955935,True,True,32,1500
1450,26-7-31,3,Bradley Skubic,Colin Plumridge,1.0,1542.5617258419811,1500.0,1556.6114321154307,,True,False,32,1500
1451,26-7-31,3,Devon O’Donnell,Mike Laing,0.0,1500.0,1461.4893550322738,,1479.2556082535923,False,True,32,1500
1452,26-7-31,3,Ian Brungardt,Winston Wong,1.0,1500.0,1389.7947805600077,,1378.7062916247378,False,True,32,1500
1453,26-7-31,3,Jason Flynn,Kenton Najdzien,0.0,1500.0,1653.819662149953,,1663.165204566172,False,True,32,1500
1454,26-7-31,4,Alexandra Polinsky,Amy Altman,0.0,1500.0,1700.2104237305018,,1707.8914491109367,False,True,32,1500
1455,26-7-31,4,Autumn Rossa,Ian Brungardt,1.0,1534.8066659858594,1500.0,1549.2091007886556,,True,False,32,1500
1456,26-7-31,4,Becca Blackwood,Devon O’Donnell,1.0,1617.7952415905058,1500.0,1628.5692923509405,,True,False,32,1500
1457,26-7-31,4,Bradley Skubic,Stan Kornacki,1.0,1556.6114321154307,1574.39274304041,1573.4295775570822,1557.5745975987586,True,True,32,1500
1458,26-7-31,4,Chris Hirt,Kenton Najdzien,1.0,1500.0,1663.165204566172,,1640.1588356383354,False,True,32,1500
1459,26-7-31,4,Mike Adams,Winston Wong,1.0,1407.0768603955935,1378.7062916247378,1421.7732435853627,1364.0099084349686,True,True,32,1500
1460,26-7-31,4,Mike Laing,Phil iwanow,1.0,1479.2556082535923,1567.6217377910323,1499.2394842358729,1547.6378618087517,True,True,32,1500
1461,26-7-31,5,Autumn Rossa,Colin Plumridge,1.0,1549.2091007886556,1500.0,1562.957970806014,,True,False,32,1500
1462,26-7-31,5,Becca Blackwood,Mike Laing,0.0,1628.5692923509405,1499.2394842358729,1606.8740854428502,1520.9346911439632,True,True,32,1500
1463,26-7-31,5,Jason Flynn,Stan Kornacki,1.0,1500.0,1557.5745975987586,,1538.9471956696657,False,True,32,1500
1464,26-7-31,5,Kenton Najdzien,Phil iwanow,1.0,1640.1588356383354,1547.6378618087517,1651.996025715755,1535.8006717313322,True,True,32,1500
